Date,Contract,ContractMonth(Week),Open,High,Low,Last,Change,%,Volume,SettlementPrice,OpenInterest,BestBid,BestAsk,HistoricalHigh,HistoricalLow,TradingHalt,TradingSession,Volume(ExecutionsAmongSpreadOrderAndSingleOrderOnly),download_timestamp,process_timestamp
20260709,BRF,202609,2538.5,2538.5,2530.5,2530.5,90,3.69%,22,2530.5,74,2440.5,2590,3016.5,2262.5,,一般,,2026-07-12 09:37:52,2026-07-12 09:37:52
20260709,BRF,202609,2452,2594,2436.5,2529,88.5,3.63%,266,NULL,-,2435.5,2597.5,3016.5,2262.5,,盤後,,2026-07-12 09:37:52,2026-07-12 09:37:52
20260709,BRF,202610,-,-,-,-,-,-,0,2521.5,21,2262.5,2567,2566.5,2310.5,,一般,,2026-07-12 09:37:52,2026-07-12 09:37:52
20260709,BRF,202610,2492.5,2566.5,2492.5,2566.5,135,5.55%,45,NULL,-,2386,2586,2566.5,2310.5,,盤後,,2026-07-12 09:37:52,2026-07-12 09:37:52
20260709,BRF,202611,-,-,-,-,-,-,0,2535.5,0,2275,2616,-,-,,一般,,2026-07-12 09:37:52,2026-07-12 09:37:52
20260709,BRF,202611,-,-,-,-,-,-,0,NULL,-,2275,-,-,-,,盤後,,2026-07-12 09:37:52,2026-07-12 09:37:52
20260709,BRF,202612,-,-,-,-,-,-,0,2536,0,-,-,-,-,,一般,,2026-07-12 09:37:52,2026-07-12 09:37:52
20260709,BRF,202612,-,-,-,-,-,-,0,NULL,-,-,-,-,-,,盤後,,2026-07-12 09:37:52,2026-07-12 09:37:52
20260709,BRF,202706,-,-,-,-,-,-,0,2503.5,0,-,-,-,-,,一般,,2026-07-12 09:37:52,2026-07-12 09:37:52
20260709,BRF,202706,-,-,-,-,-,-,0,NULL,-,-,-,-,-,,盤後,,2026-07-12 09:37:52,2026-07-12 09:37:52
20260709,BTF,202607,4329,4347,4329,4347,-155,-3.44%,5,4347,0,4102,-,4570,3590,,一般,,2026-07-12 09:37:52,2026-07-12 09:37:52
20260709,BTF,202608,4348,4414,4348,4414,-111,-2.45%,3,4414,5,4073,-,4578,3900,,一般,,2026-07-12 09:37:52,2026-07-12 09:37:52
20260709,BTF,202609,-,-,-,-,-,-,0,4276,0,-,-,-,-,,一般,,2026-07-12 09:37:52,2026-07-12 09:37:52
20260709,BTF,202612,-,-,-,-,-,-,0,4252,0,-,-,-,-,,一般,,2026-07-12 09:37:52,2026-07-12 09:37:52
20260709,BTF,202703,-,-,-,-,-,-,0,4360,0,-,-,-,-,,一般,,2026-07-12 09:37:52,2026-07-12 09:37:52
20260709,BTF,202706,-,-,-,-,-,-,0,4270,2,-,-,4000,4000,,一般,,2026-07-12 09:37:52,2026-07-12 09:37:52
20260709,CAF,202607,189,194,175,184,1,0.55%,14942,184,8190,184,184.5,208.5,87,,一般,,2026-07-12 09:37:52,2026-07-12 09:37:52
20260709,CAF,202607/202608,0.95,0.99,0.94,0.97,-,-,1165,-,-,0.97,0.98,1.01,-0.49,,一般,951,2026-07-12 09:37:52,2026-07-12 09:37:52
20260709,CAF,202607/202612,2.1,2.1,2.1,2.1,-,-,2,-,-,-,4.88,2.49,-0.01,,一般,100,2026-07-12 09:37:52,2026-07-12 09:37:52
20260709,CAF,202608,189.5,195,175.5,185,2,1.09%,2444,185,2350,184.5,185,208,133,,一般,,2026-07-12 09:37:52,2026-07-12 09:37:52
20260709,CAF,202608/202609,0.49,0.49,0.49,0.49,-,-,2,-,-,-0.01,0.49,0.99,0,,一般,0,2026-07-12 09:37:52,2026-07-12 09:37:52
20260709,CAF,202609,189,189,178,178,-5.5,-3.00%,4,184.5,146,184.5,185.5,199.5,49.65,,一般,,2026-07-12 09:37:52,2026-07-12 09:37:52
20260709,CAF,202612,191.5,191.5,179.5,180,-3,-1.64%,104,184,36,-,189.5,191.5,72,,一般,,2026-07-12 09:37:52,2026-07-12 09:37:52
20260709,CAF,202703,-,-,-,-,-,-,0,184,1,178,-,167,140,,一般,,2026-07-12 09:37:52,2026-07-12 09:37:52
20260709,CBF,202607,18.65,18.85,18.6,18.65,-0.05,-0.27%,1578,18.65,2037,18.65,18.7,21.15,17.75,,一般,,2026-07-12 09:37:52,2026-07-12 09:37:52
20260709,CBF,202607/202608,0.1,0.1,-0.51,-0.51,-,-,792,-,-,-0.53,-0.01,0.16,-0.51,,一般,646,2026-07-12 09:37:52,2026-07-12 09:37:52
20260709,CBF,202608,18.65,18.7,18.3,18.5,-0.2,-1.07%,1463,18.5,2417,18.3,18.5,19.85,18.3,,一般,,2026-07-12 09:37:52,2026-07-12 09:37:52
20260709,CBF,202609,-,-,-,-,-,-,0,18.6,9,18.6,-,21.05,18.05,,一般,,2026-07-12 09:37:52,2026-07-12 09:37:52
20260709,CBF,202612,-,-,-,-,-,-,0,18.65,5,18.5,-,20.6,19.35,,一般,,2026-07-12 09:37:52,2026-07-12 09:37:52
20260709,CBF,202703,-,-,-,-,-,-,0,18.5,0,18.75,-,-,-,,一般,,2026-07-12 09:37:52,2026-07-12 09:37:52
20260709,CCF,202607,163.5,164,154,158,-4.5,-2.77%,32624,157.5,87380,157.5,158,191.5,113.5,,一般,,2026-07-12 09:37:52,2026-07-12 09:37:52
20260709,CCF,202607,158,162.5,157,162,-0.5,-0.31%,6755,NULL,-,161.5,162,191.5,113.5,,盤後,,2026-07-12 09:37:52,2026-07-12 09:37:52
20260709,CCF,202607/202608,0.99,1.01,0.91,0.92,-,-,11371,-,-,0.92,0.93,1.73,0.84,,一般,1861,2026-07-12 09:37:52,2026-07-12 09:37:52
20260709,CCF,202607/202608,0.99,1.01,0.99,1,-,-,162,-,-,1,1.01,1.73,0.84,,盤後,275,2026-07-12 09:37:52,2026-07-12 09:37:52
20260709,CCF,202607/202609,2.15,2.15,2.08,2.09,-,-,490,-,-,2.08,2.09,3.18,1.86,,一般,672,2026-07-12 09:37:52,2026-07-12 09:37:52
20260709,CCF,202607/202609,2.15,2.15,2.15,2.15,-,-,78,-,-,2.14,2.15,3.18,1.86,,盤後,74,2026-07-12 09:37:52,2026-07-12 09:37:52
20260709,CCF,202608,164.5,165,155,158.5,-4.5,-2.76%,15913,158.5,41828,158.5,159,195,142,,一般,,2026-07-12 09:37:52,2026-07-12 09:37:52
20260709,CCF,202608,158.5,163.5,157.5,163.5,0.5,0.31%,1261,NULL,-,163,163.5,195,142,,盤後,,2026-07-12 09:37:52,2026-07-12 09:37:52
20260709,CCF,202608/202609,1.15,1.15,1.15,1.15,-,-,332,-,-,1.14,1.15,1.51,1.01,,一般,173,2026-07-12 09:37:52,2026-07-12 09:37:52
20260709,CCF,202609,164.5,164.5,156.5,160,-4.5,-2.74%,1612,160,307,159.5,160.5,190,53.7,,一般,,2026-07-12 09:37:52,2026-07-12 09:37:52
20260709,CCF,202609,160.5,164,159,164,-0.5,-0.30%,168,NULL,-,164,164.5,190,53.7,,盤後,,2026-07-12 09:37:52,2026-07-12 09:37:52
20260709,CCF,202612,-,-,-,-,-,-,0,159.5,246,160.5,164,185,59.3,,一般,,2026-07-12 09:37:52,2026-07-12 09:37:52
20260709,CCF,202612,-,-,-,-,-,-,0,NULL,-,165,166.5,185,59.3,,盤後,,2026-07-12 09:37:52,2026-07-12 09:37:52
20260709,CCF,202703,-,-,-,-,-,-,0,157.5,76,161,164.5,189.5,72,,一般,,2026-07-12 09:37:52,2026-07-12 09:37:52
20260709,CCF,202703,-,-,-,-,-,-,0,NULL,-,166,167.5,189.5,72,,盤後,,2026-07-12 09:37:52,2026-07-12 09:37:52
20260709,CDF,202607,2469,2472,2425,2435,-30,-1.22%,13470,2434,20878,2434,2435,2630,2160,,一般,,2026-07-12 09:37:52,2026-07-12 09:37:52
20260709,CDF,202607,2419,2465,2410,2462,-3,-0.12%,2565,NULL,-,2460,2462,2630,2160,,盤後,,2026-07-12 09:37:52,2026-07-12 09:37:52
20260709,CDF,202607/202608,19.51,19.77,16.99,18.2,-,-,4562,-,-,18.2,18.21,22,16.99,,一般,1410,2026-07-12 09:37:52,2026-07-12 09:37:52
20260709,CDF,202607/202608,19.5,19.51,19.5,19.51,-,-,240,-,-,19.5,19.51,22,17.51,,盤後,495,2026-07-12 09:37:52,2026-07-12 09:37:52
20260709,CDF,202607/202609,40.94,40.99,35.99,38.96,-,-,128,-,-,35.12,38.48,45.01,26.81,,一般,51,2026-07-12 09:37:52,2026-07-12 09:37:52
20260709,CDF,202607/202609,40.01,40.01,40.01,40.01,-,-,1,-,-,40,40.01,45.01,26.81,,盤後,13,2026-07-12 09:37:52,2026-07-12 09:37:52
20260709,CDF,202607/202612,116.1,116.1,109.99,110.99,-,-,40,-,-,109.04,110.99,125.01,84,,一般,14,2026-07-12 09:37:52,2026-07-12 09:37:52
20260709,CDF,202607/202612,115.99,115.99,115.99,115.99,-,-,1,-,-,115.99,116.01,125.01,84,,盤後,0,2026-07-12 09:37:52,2026-07-12 09:37:52
20260709,CDF,202608,2488,2492,2444,2454,-31,-1.25%,6705,2453,11931,2452,2454,2655,2345,,一般,,2026-07-12 09:37:52,2026-07-12 09:37:52
20260709,CDF,202608,2433,2484,2430,2481,-4,-0.16%,939,NULL,-,2480,2481,2655,2345,,盤後,,2026-07-12 09:37:52,2026-07-12 09:37:52
20260709,CDF,202608/202609,20.01,20.01,19.01,19.01,-,-,6,-,-,18.03,20.01,21.11,19.01,,一般,70,2026-07-12 09:37:52,2026-07-12 09:37:52
20260709,CDF,202608/202609,20.5,21.01,20.5,21.01,-,-,3,-,-,20.5,20.51,21.11,19.2,,盤後,14,2026-07-12 09:37:52,2026-07-12 09:37:52
20260709,CDF,202608/202612,96.51,96.51,96.51,96.51,-,-,2,-,-,96.5,96.51,103.21,79.99,,盤後,0,2026-07-12 09:37:52,2026-07-12 09:37:52
20260709,CDF,202609,2499,2499,2463,2472,-33,-1.32%,263,2472,5772,2470,2474,2670,1395,,一般,,2026-07-12 09:37:52,2026-07-12 09:37:52
20260709,CDF,202609,2460,2500,2453,2500,-5,-0.20%,32,NULL,-,2500,2505,2670,1395,,盤後,,2026-07-12 09:37:52,2026-07-12 09:37:52
20260709,CDF,202609/202612,75.5,75.5,75,75,-,-,6,-,-,71,80,80.01,11.81,,一般,7,2026-07-12 09:37:52,2026-07-12 09:37:52
20260709,CDF,202612,2575,2575,2540,2545,-40,-1.55%,74,2545,1911,2540,2550,2730,1795,,一般,,2026-07-12 09:37:52,2026-07-12 09:37:52
20260709,CDF,202612,2585,-,-,2585,0,0.00%,3,NULL,-,2575,2580,2730,1795,,盤後,,2026-07-12 09:37:52,2026-07-12 09:37:52
20260709,CDF,202612/202703,119.99,120,112.92,112.92,-,-,5,-,-,95.03,119.94,130.01,39.99,,一般,2,2026-07-12 09:37:52,2026-07-12 09:37:52
20260709,CDF,202703,2665,2665,2660,2660,-45,-1.66%,7,2660,428,2655,2685,2760,2140,,一般,,2026-07-12 09:37:52,2026-07-12 09:37:52
20260709,CDF,202703,-,-,-,-,-,-,0,NULL,-,2625,2715,2760,2140,,盤後,,2026-07-12 09:37:52,2026-07-12 09:37:52
20260709,CEF,202607,125.5,128,122.5,125,0,0.00%,442,125,1867,124,125.5,142.5,95.4,,一般,,2026-07-12 09:37:52,2026-07-12 09:37:52
20260709,CEF,202607/202608,0.7,0.71,0.65,0.65,-,-,76,-,-,0.51,0.7,0.71,0.29,,一般,16,2026-07-12 09:37:52,2026-07-12 09:37:52
20260709,CEF,202608,126.5,128.5,123.5,125.5,0.5,0.40%,99,125.5,184,124.5,126,142,120.5,,一般,,2026-07-12 09:37:52,2026-07-12 09:37:52
20260709,CEF,202609,-,-,-,-,-,-,0,125.5,1,121,-,138.5,89.5,,一般,,2026-07-12 09:37:52,2026-07-12 09:37:52
20260709,CEF,202612,-,-,-,-,-,-,0,125.5,0,119.5,-,-,-,,一般,,2026-07-12 09:37:52,2026-07-12 09:37:52
20260709,CEF,202703,-,-,-,-,-,-,0,125.5,0,119.5,-,-,-,,一般,,2026-07-12 09:37:52,2026-07-12 09:37:52
20260709,CFF,202607,57.9,58.8,54.7,55.2,-2.7,-4.66%,1893,55.1,2252,55.1,55.5,64.4,43.5,,一般,,2026-07-12 09:37:52,2026-07-12 09:37:52
20260709,CFF,202607/202608,0.31,0.31,0.3,0.31,-,-,78,-,-,0.23,0.31,0.51,0.19,,一般,173,2026-07-12 09:37:52,2026-07-12 09:37:52
20260709,CFF,202608,57.5,57.5,55.1,55.2,-3,-5.15%,340,55.2,1295,55.3,55.7,64.6,49.15,,一般,,2026-07-12 09:37:52,2026-07-12 09:37:52
20260709,CFF,202609,-,-,-,-,-,-,0,55,21,53.5,-,65.4,38.9,,一般,,2026-07-12 09:37:52,2026-07-12 09:37:52
20260709,CFF,202612,-,-,-,-,-,-,0,54.7,23,53.4,-,58.2,45,,一般,,2026-07-12 09:37:52,2026-07-12 09:37:52
20260709,CFF,202703,-,-,-,-,-,-,0,54.8,0,53.4,-,-,-,,一般,,2026-07-12 09:37:52,2026-07-12 09:37:52
20260709,CGF,202607,36.4,37.85,36,37.2,1.8,5.08%,5905,37.15,6589,37.05,37.25,47.85,28.1,,一般,,2026-07-12 09:37:52,2026-07-12 09:37:52
20260709,CGF,202607/202608,-0.39,-0.06,-0.59,-0.51,-,-,1649,-,-,-0.5,-0.44,0.24,-0.59,,一般,1595,2026-07-12 09:37:52,2026-07-12 09:37:52
20260709,CGF,202608,36.55,38,35.8,36.8,1.3,3.66%,3909,36.75,4037,36.6,36.85,39.45,33.95,,一般,,2026-07-12 09:37:52,2026-07-12 09:37:52
20260709,CGF,202609,-,-,-,-,-,-,0,36.7,5,36.45,-,44.7,27.15,,一般,,2026-07-12 09:37:52,2026-07-12 09:37:52
20260709,CGF,202612,-,-,-,-,-,-,0,36.95,4,-,-,38.6,35.3,,一般,,2026-07-12 09:37:52,2026-07-12 09:37:52
20260709,CGF,202703,-,-,-,-,-,-,0,36.85,0,-,-,40.2,40.2,,一般,,2026-07-12 09:37:52,2026-07-12 09:37:52
20260709,CHF,202607,30,32.6,29.15,31.8,2.15,7.25%,47269,31.7,21229,31.75,31.8,34.75,18.9,,一般,,2026-07-12 09:37:52,2026-07-12 09:37:52
20260709,CHF,202607/202608,-0.14,0.22,-0.19,-0.1,-,-,353,-,-,-0.15,-0.11,0.36,-0.24,,一般,3014,2026-07-12 09:37:52,2026-07-12 09:37:52
20260709,CHF,202608,29.9,32.4,29,31.6,2.1,7.12%,6338,31.55,7186,31.65,31.7,34.9,26,,一般,,2026-07-12 09:37:52,2026-07-12 09:37:52
20260709,CHF,202609,29.2,32.35,29.2,31.5,2.05,6.96%,19,31.5,128,31.65,31.8,32.9,14.35,,一般,,2026-07-12 09:37:52,2026-07-12 09:37:52
20260709,CHF,202612,-,-,-,-,-,-,0,31.7,31,-,-,33.35,14.4,,一般,,2026-07-12 09:37:52,2026-07-12 09:37:52
20260709,CHF,202703,-,-,-,-,-,-,0,31.6,1,-,-,32.1,21.1,,一般,,2026-07-12 09:37:52,2026-07-12 09:37:52
20260709,CJF,202607,39.45,39.75,39,39,-0.9,-2.26%,217,39,529,38.85,39.15,39.75,30.5,,一般,,2026-07-12 09:37:52,2026-07-12 09:37:52
20260709,CJF,202608,39.55,39.55,39.55,39.55,-0.45,-1.13%,25,39.1,79,36.05,39.55,39.55,36.55,,一般,,2026-07-12 09:37:52,2026-07-12 09:37:52
20260709,CJF,202609,-,-,-,-,-,-,0,38.85,0,-,-,-,-,,一般,,2026-07-12 09:37:52,2026-07-12 09:37:52
20260709,CJF,202612,-,-,-,-,-,-,0,38.95,0,-,-,-,-,,一般,,2026-07-12 09:37:52,2026-07-12 09:37:52
20260709,CJF,202703,-,-,-,-,-,-,0,38.95,0,-,-,-,-,,一般,,2026-07-12 09:37:52,2026-07-12 09:37:52
20260709,CKF,202607,96.9,98.7,94.4,96.5,-0.9,-0.92%,1527,96.5,2711,96.2,96.6,118,78.8,,一般,,2026-07-12 09:37:52,2026-07-12 09:37:52
20260709,CKF,202607/202608,0.41,0.46,0.41,0.42,-,-,44,-,-,0.41,0.44,0.51,0.19,,一般,156,2026-07-12 09:37:52,2026-07-12 09:37:52
20260709,CKF,202608,97.7,98.3,94.8,96.8,-0.9,-0.92%,334,96.8,509,96.6,97,114.5,94,,一般,,2026-07-12 09:37:52,2026-07-12 09:37:52
20260709,CKF,202609,95.4,95.4,95.4,95.4,-2,-2.05%,1,96.5,25,93.1,99.6,114.5,65.8,,一般,,2026-07-12 09:37:52,2026-07-12 09:37:52
20260709,CKF,202612,-,-,-,-,-,-,0,96,0,93.1,-,-,-,,一般,,2026-07-12 09:37:52,2026-07-12 09:37:52
20260709,CKF,202703,-,-,-,-,-,-,0,96.5,0,93.1,-,-,-,,一般,,2026-07-12 09:37:52,2026-07-12 09:37:52
20260709,CLF,202607,47.1,47.25,46.6,46.95,0,0.00%,156,46.95,612,46.85,47.05,47.4,39.8,,一般,,2026-07-12 09:37:52,2026-07-12 09:37:52
20260709,CLF,202608,47.2,47.2,46.85,46.85,-0.2,-0.43%,11,46.95,88,46.95,47.2,47.45,44.8,,一般,,2026-07-12 09:37:52,2026-07-12 09:37:52
20260709,CLF,202609,-,-,-,-,-,-,0,46.6,30,45.35,-,43,40.9,,一般,,2026-07-12 09:37:52,2026-07-12 09:37:52
20260709,CLF,202612,-,-,-,-,-,-,0,46.55,0,45.35,-,-,-,,一般,,2026-07-12 09:37:52,2026-07-12 09:37:52
20260709,CLF,202703,-,-,-,-,-,-,0,46.7,0,45.35,-,-,-,,一般,,2026-07-12 09:37:52,2026-07-12 09:37:52
20260709,CMF,202607,35.8,37.3,35.65,36.9,1.1,3.07%,615,36.9,2288,36.85,36.95,37.3,23.4,,一般,,2026-07-12 09:37:52,2026-07-12 09:37:52
20260709,CMF,202607/202608,0.14,0.23,0.14,0.14,-,-,68,-,-,0.14,0.27,0.23,0.12,,一般,51,2026-07-12 09:37:52,2026-07-12 09:37:52
20260709,CMF,202608,36.9,37.45,36.75,37,0.8,2.21%,154,37,516,37.05,37.25,37.45,31.7,,一般,,2026-07-12 09:37:52,2026-07-12 09:37:52
20260709,CMF,202609,36.6,36.6,36.6,36.6,0.75,2.09%,1,36.95,201,-,37.7,36.6,18.5,,一般,,2026-07-12 09:37:52,2026-07-12 09:37:52
20260709,CMF,202612,-,-,-,-,-,-,0,36.9,87,-,-,34.4,23.6,,一般,,2026-07-12 09:37:52,2026-07-12 09:37:52
20260709,CMF,202703,-,-,-,-,-,-,0,36.9,11,-,38.8,34,24.95,,一般,,2026-07-12 09:37:52,2026-07-12 09:37:52
20260709,CNF,202607,71,71.5,69.7,70,-0.7,-0.99%,3903,70,5328,69.9,70,74.4,57.4,,一般,,2026-07-12 09:37:52,2026-07-12 09:37:52
20260709,CNF,202607/202608,0.41,0.41,0.41,0.41,-,-,1,-,-,0.02,0.71,0.41,0.12,,一般,96,2026-07-12 09:37:52,2026-07-12 09:37:52
20260709,CNF,202608,71.6,71.6,69.9,70.1,-0.8,-1.13%,192,70.1,354,69.9,70.7,73.4,69.9,,一般,,2026-07-12 09:37:52,2026-07-12 09:37:52
20260709,CNF,202609,-,-,-,-,-,-,0,69.7,9,67.6,-,70.8,42.4,,一般,,2026-07-12 09:37:52,2026-07-12 09:37:52
20260709,CNF,202612,-,-,-,-,-,-,0,70.3,0,67.6,-,-,-,,一般,,2026-07-12 09:37:52,2026-07-12 09:37:52
20260709,CNF,202703,-,-,-,-,-,-,0,70.4,0,67.6,-,-,-,,一般,,2026-07-12 09:37:52,2026-07-12 09:37:52
20260709,CQF,202607,78.3,79.3,78.3,78.9,0.4,0.51%,63,78.9,401,78.2,79,79.4,71.4,,一般,,2026-07-12 09:37:52,2026-07-12 09:37:52
20260709,CQF,202607/202608,0.48,0.48,0.48,0.48,-,-,32,-,-,0.44,-,0.48,0.3,,一般,0,2026-07-12 09:37:52,2026-07-12 09:37:52
20260709,CQF,202608,78.6,-,-,78.6,0,0.00%,32,79,42,78.6,79.9,79,75.8,,一般,,2026-07-12 09:37:52,2026-07-12 09:37:52
20260709,CQF,202609,-,-,-,-,-,-,0,78.2,3,75.7,-,81,74,,一般,,2026-07-12 09:37:52,2026-07-12 09:37:52
20260709,CQF,202612,-,-,-,-,-,-,0,78.2,0,75.7,-,-,-,,一般,,2026-07-12 09:37:52,2026-07-12 09:37:52
20260709,CQF,202703,-,-,-,-,-,-,0,78.3,0,75.7,-,-,-,,一般,,2026-07-12 09:37:52,2026-07-12 09:37:52
20260709,CRF,202607,27.5,27.7,27.05,27.35,-0.25,-0.91%,516,27.35,1214,27.25,27.4,30.1,24.7,,一般,,2026-07-12 09:37:52,2026-07-12 09:37:52
20260709,CRF,202607/202608,0.15,0.15,0,0,-,-,50,-,-,0.01,0.28,0.17,0,,一般,4,2026-07-12 09:37:52,2026-07-12 09:37:52
20260709,CRF,202608,27.35,27.5,27.25,27.45,-0.4,-1.44%,57,27.45,81,27.4,27.55,29.8,27.25,,一般,,2026-07-12 09:37:52,2026-07-12 09:37:52
20260709,CRF,202609,-,-,-,-,-,-,0,27.55,3,-,-,29.85,27.35,,一般,,2026-07-12 09:37:52,2026-07-12 09:37:52
20260709,CRF,202612,-,-,-,-,-,-,0,27.2,16,-,-,31.5,26.4,,一般,,2026-07-12 09:37:52,2026-07-12 09:37:52
20260709,CRF,202703,-,-,-,-,-,-,0,27.4,0,-,-,-,-,,一般,,2026-07-12 09:37:52,2026-07-12 09:37:52
20260709,CSF,202607,34.9,35.1,34.15,34.3,-0.3,-0.87%,1742,34.3,4701,34.2,34.35,44.2,33.5,,一般,,2026-07-12 09:37:52,2026-07-12 09:37:52
20260709,CSF,202607/202608,0.19,0.27,0.17,0.17,-,-,944,-,-,0.16,0.17,0.27,0.09,,一般,104,2026-07-12 09:37:52,2026-07-12 09:37:52
20260709,CSF,202608,35.05,35.15,34.35,34.4,-0.45,-1.29%,1059,34.4,1845,34.35,34.55,42.9,34.35,,一般,,2026-07-12 09:37:52,2026-07-12 09:37:52
20260709,CSF,202609,34.8,34.8,34.8,34.8,-0.1,-0.29%,1,34.8,154,34.25,-,46.15,29.8,,一般,,2026-07-12 09:37:52,2026-07-12 09:37:52
20260709,CSF,202612,-,-,-,-,-,-,0,34.3,24,33,-,43.35,29.45,,一般,,2026-07-12 09:37:52,2026-07-12 09:37:52
20260709,CSF,202703,-,-,-,-,-,-,0,34.4,2,34.25,-,37.8,37.8,,一般,,2026-07-12 09:37:52,2026-07-12 09:37:52
20260709,CUF,202607,11.25,11.25,11.25,11.25,-0.2,-1.75%,1,11.25,276,11.1,11.25,12.9,10.4,,一般,,2026-07-12 09:37:52,2026-07-12 09:37:52
20260709,CUF,202608,11.3,11.3,11.25,11.3,-0.1,-0.88%,3,11.3,12,11.25,11.3,12.15,10.85,,一般,,2026-07-12 09:37:52,2026-07-12 09:37:52
20260709,CUF,202609,-,-,-,-,-,-,0,11.25,2,-,-,11.1,11,,一般,,2026-07-12 09:37:52,2026-07-12 09:37:52
20260709,CUF,202612,-,-,-,-,-,-,0,11.1,0,-,-,12.3,11.45,,一般,,2026-07-12 09:37:52,2026-07-12 09:37:52
20260709,CUF,202703,-,-,-,-,-,-,0,11.1,0,-,-,-,-,,一般,,2026-07-12 09:37:52,2026-07-12 09:37:52
20260709,CWF,202607,35.05,35.1,32.8,32.85,-2,-5.74%,423,32.85,532,32.8,33.1,37.8,26.8,,一般,,2026-07-12 09:37:52,2026-07-12 09:37:52
20260709,CWF,202607/202608,-0.03,0.4,-0.03,0.4,-,-,6,-,-,0.19,0.35,0.4,-0.03,,一般,44,2026-07-12 09:37:52,2026-07-12 09:37:52
20260709,CWF,202608,35.15,35.15,33.15,33.15,-1.75,-5.01%,63,33.15,160,33.15,33.45,36.5,30,,一般,,2026-07-12 09:37:52,2026-07-12 09:37:52
20260709,CWF,202609,33.8,33.8,33.8,33.8,-1.2,-3.43%,1,33,15,-,-,35,23.5,,一般,,2026-07-12 09:37:52,2026-07-12 09:37:52
20260709,CWF,202612,-,-,-,-,-,-,0,33.5,167,33.5,-,37,23.3,,一般,,2026-07-12 09:37:52,2026-07-12 09:37:52
20260709,CWF,202703,-,-,-,-,-,-,0,32.85,8,34.5,-,35.4,26,,一般,,2026-07-12 09:37:52,2026-07-12 09:37:52
20260709,CXF,202607,27.5,27.75,27.1,27.75,0.55,2.02%,240,27.75,803,27.7,27.75,33.15,26.05,,一般,,2026-07-12 09:37:52,2026-07-12 09:37:52
20260709,CXF,202607/202608,0.01,0.01,-0.03,-0.03,-,-,115,-,-,-0.2,-0.03,0.16,-0.03,,一般,17,2026-07-12 09:37:52,2026-07-12 09:37:52
20260709,CXF,202608,27.05,27.75,27.05,27.75,0.55,2.02%,154,27.75,540,27.7,27.75,29.2,26.2,,一般,,2026-07-12 09:37:52,2026-07-12 09:37:52
20260709,CXF,202609,-,-,-,-,-,-,0,27.7,5,-,-,40.8,27.15,,一般,,2026-07-12 09:37:52,2026-07-12 09:37:52
20260709,CXF,202612,-,-,-,-,-,-,0,27.65,4,-,-,38,33.8,,一般,,2026-07-12 09:37:52,2026-07-12 09:37:52
20260709,CXF,202703,-,-,-,-,-,-,0,27.95,0,-,-,-,-,,一般,,2026-07-12 09:37:52,2026-07-12 09:37:52
20260709,CYF,202607,411.5,433.5,411,433.5,39,9.89%,10868,433.5,9145,433.5,-,512,283,,一般,,2026-07-12 09:37:52,2026-07-12 09:37:52
20260709,CYF,202607/202608,2.28,2.51,2.17,2.29,-,-,1789,-,-,2.28,2.29,4.12,1.72,,一般,888,2026-07-12 09:37:52,2026-07-12 09:37:52
20260709,CYF,202608,418,436.5,413,436.5,39.5,9.95%,3271,436.5,4354,436.5,-,522,391,,一般,,2026-07-12 09:37:52,2026-07-12 09:37:52
20260709,CYF,202609,418,439,418,439,39.5,9.89%,21,439,107,439,-,510,95,,一般,,2026-07-12 09:37:52,2026-07-12 09:37:52
20260709,CYF,202612,445.5,445.5,445.5,445.5,40.5,10.00%,3,445.5,56,437.5,-,495,210,,一般,,2026-07-12 09:37:52,2026-07-12 09:37:52
20260709,CYF,202703,-,-,-,-,-,-,0,437.5,13,437.5,-,511,210,,一般,,2026-07-12 09:37:52,2026-07-12 09:37:52
20260709,CZF,202607,196.5,198,193.5,196,0.5,0.26%,1177,195.5,6323,195,196,246.5,181,,一般,,2026-07-12 09:37:52,2026-07-12 09:37:52
20260709,CZF,202607/202608,0.9,0.92,0.6,0.76,-,-,632,-,-,0.75,0.76,2.01,0.6,,一般,105,2026-07-12 09:37:52,2026-07-12 09:37:52
20260709,CZF,202608,197,199,194,196.5,0.5,0.26%,750,196.5,2813,195.5,197,199.5,183,,一般,,2026-07-12 09:37:52,2026-07-12 09:37:52
20260709,CZF,202609,-,-,-,-,-,-,0,197.5,477,196,199,245,181,,一般,,2026-07-12 09:37:52,2026-07-12 09:37:52
20260709,CZF,202612,-,-,-,-,-,-,0,199,56,196.5,203.5,239,189,,一般,,2026-07-12 09:37:52,2026-07-12 09:37:52
20260709,CZF,202703,-,-,-,-,-,-,0,197,2,196.5,206.5,243.5,201,,一般,,2026-07-12 09:37:52,2026-07-12 09:37:52
20260709,DAF,202607,52.4,52.6,51.6,51.7,-0.8,-1.52%,868,51.7,3545,51.8,52.1,55.8,50.2,,一般,,2026-07-12 09:37:52,2026-07-12 09:37:52
20260709,DAF,202607/202608,0.04,0.08,0.03,0.08,-,-,359,-,-,0.08,0.48,0.33,0.03,,一般,77,2026-07-12 09:37:52,2026-07-12 09:37:52
20260709,DAF,202608,52.2,52.2,51.8,52,-0.6,-1.14%,445,52,992,51.8,52.6,54.3,50.8,,一般,,2026-07-12 09:37:52,2026-07-12 09:37:52
20260709,DAF,202609,-,-,-,-,-,-,0,52,81,51.6,53.7,54,51.5,,一般,,2026-07-12 09:37:52,2026-07-12 09:37:52
20260709,DAF,202612,-,-,-,-,-,-,0,50.8,5,50.7,55.3,61.1,52.9,,一般,,2026-07-12 09:37:52,2026-07-12 09:37:52
20260709,DAF,202703,-,-,-,-,-,-,0,51.2,3,50.7,56.3,53,49,,一般,,2026-07-12 09:37:52,2026-07-12 09:37:52
20260709,DBF,202607,22.5,22.5,21.25,21.3,-0.8,-3.62%,2332,21.3,3799,21.25,21.35,25.1,18.65,,一般,,2026-07-12 09:37:52,2026-07-12 09:37:52
20260709,DBF,202607/202608,0.1,0.12,0.1,0.1,-,-,277,-,-,0.06,0.1,0.14,0.09,,一般,56,2026-07-12 09:37:52,2026-07-12 09:37:52
20260709,DBF,202608,21.8,21.8,21.3,21.4,-0.8,-3.60%,344,21.4,659,21.35,21.45,24.75,21.3,,一般,,2026-07-12 09:37:52,2026-07-12 09:37:52
20260709,DBF,202609,-,-,-,-,-,-,0,21.25,1,-,22.5,22.05,18.05,,一般,,2026-07-12 09:37:52,2026-07-12 09:37:52
20260709,DBF,202612,-,-,-,-,-,-,0,21.2,0,-,-,-,-,,一般,,2026-07-12 09:37:52,2026-07-12 09:37:52
20260709,DBF,202703,-,-,-,-,-,-,0,21.25,0,-,-,-,-,,一般,,2026-07-12 09:37:52,2026-07-12 09:37:52
20260709,DCF,202607,24.2,24.45,24,24,0,0.00%,55,24,377,24.05,24.95,24.45,20.25,,一般,,2026-07-12 09:37:52,2026-07-12 09:37:52
20260709,DCF,202608,-,-,-,-,-,-,0,24.05,10,24.05,25.2,23.7,23.65,,一般,,2026-07-12 09:37:52,2026-07-12 09:37:52
20260709,DCF,202609,-,-,-,-,-,-,0,23.8,45,-,-,23.8,20.6,,一般,,2026-07-12 09:37:52,2026-07-12 09:37:52
20260709,DCF,202612,-,-,-,-,-,-,0,24,0,-,-,-,-,,一般,,2026-07-12 09:37:52,2026-07-12 09:37:52
20260709,DCF,202703,-,-,-,-,-,-,0,23.95,1,-,-,23.9,23.9,,一般,,2026-07-12 09:37:52,2026-07-12 09:37:52
20260709,DEF,202607,42.5,42.5,40.3,40.3,-1.4,-3.36%,322,40.3,334,40.15,40.55,42.5,29.6,,一般,,2026-07-12 09:37:52,2026-07-12 09:37:52
20260709,DEF,202608,41.95,41.95,40.8,40.8,-1.1,-2.63%,134,40.5,155,38.45,40.75,42,39.5,,一般,,2026-07-12 09:37:52,2026-07-12 09:37:52
20260709,DEF,202609,-,-,-,-,-,-,0,40.3,0,-,-,-,-,,一般,,2026-07-12 09:37:52,2026-07-12 09:37:52
20260709,DEF,202612,-,-,-,-,-,-,0,40.05,0,-,-,-,-,,一般,,2026-07-12 09:37:52,2026-07-12 09:37:52
20260709,DEF,202703,-,-,-,-,-,-,0,40.05,0,-,-,-,-,,一般,,2026-07-12 09:37:52,2026-07-12 09:37:52
20260709,DFF,202607,23.5,23.5,22.7,22.8,-0.35,-1.51%,252,22.8,1980,22.75,22.9,25.65,22.7,,一般,,2026-07-12 09:37:52,2026-07-12 09:37:52
20260709,DFF,202607/202608,0.11,0.11,0.07,0.07,-,-,33,-,-,0.05,0.09,0.23,0.04,,一般,24,2026-07-12 09:37:52,2026-07-12 09:37:52
20260709,DFF,202607/202612,0.61,0.61,0.61,0.61,-,-,10,-,-,0.16,-,0.61,0.61,,一般,0,2026-07-12 09:37:52,2026-07-12 09:37:52
20260709,DFF,202608,23.25,23.25,22.75,22.85,-0.45,-1.93%,151,22.85,918,22.85,22.95,25.5,22.75,,一般,,2026-07-12 09:37:52,2026-07-12 09:37:52
20260709,DFF,202609,-,-,-,-,-,-,0,23,286,23,23.3,27,20.6,,一般,,2026-07-12 09:37:52,2026-07-12 09:37:52
20260709,DFF,202612,23.5,-,-,23.5,0,0.00%,10,23.15,200,23.05,23.5,26.9,22.85,,一般,,2026-07-12 09:37:52,2026-07-12 09:37:52
20260709,DFF,202703,24,24,23.75,23.75,0.05,0.21%,17,23.45,195,23.1,23.75,26.4,23.75,,一般,,2026-07-12 09:37:52,2026-07-12 09:37:52
20260709,DGF,202607,65.2,65.4,59.4,60.4,-4.5,-6.93%,3512,60.4,5428,60.4,60.5,73.1,45,,一般,,2026-07-12 09:37:52,2026-07-12 09:37:52
20260709,DGF,202607/202608,0.41,0.41,0.3,0.3,-,-,51,-,-,0.23,0.29,0.51,0,,一般,213,2026-07-12 09:37:52,2026-07-12 09:37:52
20260709,DGF,202608,65.4,65.6,59.7,61,-4.3,-6.58%,411,60.7,1024,60.6,60.8,73,52.5,,一般,,2026-07-12 09:37:52,2026-07-12 09:37:52
20260709,DGF,202609,-,-,-,-,-,-,0,61.1,121,59.2,-,70,35.85,,一般,,2026-07-12 09:37:52,2026-07-12 09:37:52
20260709,DGF,202612,63.5,63.5,63.5,63.5,-1,-1.55%,1,60,3,58.5,-,66.8,40.7,,一般,,2026-07-12 09:37:52,2026-07-12 09:37:52
20260709,DGF,202703,-,-,-,-,-,-,0,59.8,0,58.5,-,-,-,,一般,,2026-07-12 09:37:52,2026-07-12 09:37:52
20260709,DHF,202607,239.5,240.5,234.5,238,1.5,0.63%,6735,238,12858,238,238.5,318,234.5,,一般,,2026-07-12 09:37:52,2026-07-12 09:37:52
20260709,DHF,202607/202608,1.25,1.34,1.25,1.25,-,-,2477,-,-,1.24,1.25,1.34,0.91,,一般,397,2026-07-12 09:37:52,2026-07-12 09:37:52
20260709,DHF,202607/202609,1.99,1.99,1.99,1.99,-,-,1,-,-,1.54,1.99,2.01,0.49,,一般,30,2026-07-12 09:37:52,2026-07-12 09:37:52
20260709,DHF,202608,240.5,241.5,236,239,1,0.42%,3043,239,11067,239,239.5,280.5,235.5,,一般,,2026-07-12 09:37:52,2026-07-12 09:37:52
20260709,DHF,202609,240,241,237,238.5,-0.5,-0.21%,33,238.5,5701,239.5,240.5,318.5,192.5,,一般,,2026-07-12 09:37:52,2026-07-12 09:37:52
20260709,DHF,202612,240,240,240,240,-2,-0.83%,1,240,237,240.5,243.5,319.5,192.5,,一般,,2026-07-12 09:37:52,2026-07-12 09:37:52
20260709,DHF,202703,-,-,-,-,-,-,0,245,125,242,250.5,272.5,233,,一般,,2026-07-12 09:37:52,2026-07-12 09:37:52
20260709,DIF,202607,143,148.5,139.5,144.5,5,3.58%,9962,144,9544,144,144.5,200,130,,一般,,2026-07-12 09:37:52,2026-07-12 09:37:52
20260709,DIF,202607/202608,0.85,1.01,0.85,1.01,-,-,1467,-,-,0.99,1.01,1.01,0.56,,一般,264,2026-07-12 09:37:52,2026-07-12 09:37:52
20260709,DIF,202607/202612,3.01,3.01,3.01,3.01,-,-,4,-,-,2.99,3.01,3.01,3.01,,一般,0,2026-07-12 09:37:52,2026-07-12 09:37:52
20260709,DIF,202608,144,148.5,140.5,145,5,3.57%,1942,145,4931,144.5,145,198.5,135,,一般,,2026-07-12 09:37:52,2026-07-12 09:37:52
20260709,DIF,202609,-,-,-,-,-,-,0,145,443,145.5,146.5,186,31.05,,一般,,2026-07-12 09:37:52,2026-07-12 09:37:52
20260709,DIF,202612,142,-,-,142,0,0.00%,4,146.5,92,146.5,148,190.5,76.7,,一般,,2026-07-12 09:37:52,2026-07-12 09:37:52
20260709,DIF,202703,-,-,-,-,-,-,0,148,7,147.5,149,192.5,144,,一般,,2026-07-12 09:37:52,2026-07-12 09:37:52
20260709,DJF,202607,694,701,678,685,-5,-0.72%,197,688,454,682,686,969,640,,一般,,2026-07-12 09:37:52,2026-07-12 09:37:52
20260709,DJF,202607/202608,3.83,3.83,3.83,3.83,-,-,2,-,-,2.4,3.83,3.99,1.51,,一般,0,2026-07-12 09:37:52,2026-07-12 09:37:52
20260709,DJF,202608,691,-,-,691,0,0.00%,2,691,23,684,690,773,644,,一般,,2026-07-12 09:37:52,2026-07-12 09:37:52
20260709,DJF,202609,-,-,-,-,-,-,0,688,0,658,710,-,-,,一般,,2026-07-12 09:37:52,2026-07-12 09:37:52
20260709,DJF,202612,-,-,-,-,-,-,0,682,0,658,-,-,-,,一般,,2026-07-12 09:37:52,2026-07-12 09:37:52
20260709,DJF,202703,-,-,-,-,-,-,0,694,0,658,-,-,-,,一般,,2026-07-12 09:37:52,2026-07-12 09:37:52
20260709,DKF,202607,378,380.5,372,376,0.5,0.13%,1931,376,4060,374.5,376,437,312,,一般,,2026-07-12 09:37:52,2026-07-12 09:37:52
20260709,DKF,202607/202608,0.26,0.45,0.18,0.33,-,-,521,-,-,0.33,0.34,1.51,0,,一般,224,2026-07-12 09:37:52,2026-07-12 09:37:52
20260709,DKF,202608,377.5,381,372.5,374.5,-1.5,-0.40%,879,375.5,1786,375,376.5,392,358,,一般,,2026-07-12 09:37:52,2026-07-12 09:37:52
20260709,DKF,202609,-,-,-,-,-,-,0,379.5,5,375,382.5,407,313,,一般,,2026-07-12 09:37:52,2026-07-12 09:37:52
20260709,DKF,202612,-,-,-,-,-,-,0,376,0,373,388.5,-,-,,一般,,2026-07-12 09:37:52,2026-07-12 09:37:52
20260709,DKF,202703,-,-,-,-,-,-,0,374.5,0,372.5,390.5,-,-,,一般,,2026-07-12 09:37:52,2026-07-12 09:37:52
20260709,DLF,202607,134.5,136,133.5,134.5,0.5,0.37%,624,134.5,562,134,134.5,148,133.5,,一般,,2026-07-12 09:37:52,2026-07-12 09:37:52
20260709,DLF,202608,136,136,134,135.5,1.5,1.12%,41,135.5,115,135,135.5,144,134,,一般,,2026-07-12 09:37:52,2026-07-12 09:37:52
20260709,DLF,202609,-,-,-,-,-,-,0,134.5,5,135,137.5,147.5,135,,一般,,2026-07-12 09:37:52,2026-07-12 09:37:52
20260709,DLF,202612,-,-,-,-,-,-,0,134,0,132,140.5,-,-,,一般,,2026-07-12 09:37:52,2026-07-12 09:37:52
20260709,DLF,202703,-,-,-,-,-,-,0,134,0,135,-,-,-,,一般,,2026-07-12 09:37:52,2026-07-12 09:37:52
20260709,DNF,202607,35.1,35.1,34.45,34.95,0.1,0.29%,162,34.95,1984,34.75,34.95,36.75,31,,一般,,2026-07-12 09:37:52,2026-07-12 09:37:52
20260709,DNF,202607/202608,0.1,0.11,0.1,0.11,-,-,46,-,-,0.11,0.15,0.19,0,,一般,6,2026-07-12 09:37:52,2026-07-12 09:37:52
20260709,DNF,202608,34.7,34.85,34.7,34.85,-0.25,-0.71%,52,34.85,439,34.85,35.1,36.65,33.15,,一般,,2026-07-12 09:37:52,2026-07-12 09:37:52
20260709,DNF,202609,-,-,-,-,-,-,0,34.9,141,34.85,35.2,36.4,30.2,,一般,,2026-07-12 09:37:52,2026-07-12 09:37:52
20260709,DNF,202612,-,-,-,-,-,-,0,35,1,34.1,-,34,33,,一般,,2026-07-12 09:37:52,2026-07-12 09:37:52
20260709,DNF,202703,-,-,-,-,-,-,0,34.75,0,-,-,-,-,,一般,,2026-07-12 09:37:52,2026-07-12 09:37:52
20260709,DOF,202607,71.5,72.2,68.7,69,-2.4,-3.36%,118,69,419,69,69.5,72.2,59.2,,一般,,2026-07-12 09:37:52,2026-07-12 09:37:52
20260709,DOF,202608,72.4,72.4,69.2,69.2,-2.3,-3.22%,18,69.2,26,69.3,69.9,72.4,65.5,,一般,,2026-07-12 09:37:52,2026-07-12 09:37:52
20260709,DOF,202609,-,-,-,-,-,-,0,68,2,66.7,77.3,38.2,35.8,,一般,,2026-07-12 09:37:52,2026-07-12 09:37:52
20260709,DOF,202612,-,-,-,-,-,-,0,68.2,0,66.7,77.5,-,-,,一般,,2026-07-12 09:37:52,2026-07-12 09:37:52
20260709,DOF,202703,-,-,-,-,-,-,0,68.4,0,66.7,77.7,-,-,,一般,,2026-07-12 09:37:52,2026-07-12 09:37:52
20260709,DPF,202607,34.2,34.2,33.55,33.7,-0.35,-1.03%,330,33.7,383,33.5,33.8,34.2,27.65,,一般,,2026-07-12 09:37:52,2026-07-12 09:37:52
20260709,DPF,202607/202608,0.11,0.11,0.11,0.11,-,-,10,-,-,0.11,0.2,0.21,0.11,,一般,13,2026-07-12 09:37:52,2026-07-12 09:37:52
20260709,DPF,202608,34.3,34.3,33.75,33.8,-0.25,-0.73%,27,33.8,79,33.7,34,34.3,32.3,,一般,,2026-07-12 09:37:52,2026-07-12 09:37:52
20260709,DPF,202609,-,-,-,-,-,-,0,33.65,2,-,-,33.3,30.25,,一般,,2026-07-12 09:37:52,2026-07-12 09:37:52
20260709,DPF,202612,-,-,-,-,-,-,0,33.7,0,-,-,-,-,,一般,,2026-07-12 09:37:52,2026-07-12 09:37:52
20260709,DPF,202703,-,-,-,-,-,-,0,33.55,0,-,-,-,-,,一般,,2026-07-12 09:37:52,2026-07-12 09:37:52
20260709,DQF,202607,67.8,67.8,64.4,64.5,-1.5,-2.27%,49571,64.6,32788,64.4,64.5,74.2,38.8,,一般,,2026-07-12 09:37:52,2026-07-12 09:37:52
20260709,DQF,202607/202608,0.01,0.31,-0.03,0.14,-,-,2918,-,-,0.14,0.15,0.66,-0.03,,一般,3063,2026-07-12 09:37:52,2026-07-12 09:37:52
20260709,DQF,202608,67.4,67.9,64.6,64.6,-1.4,-2.12%,7835,64.8,14256,64.6,64.7,74.9,58.5,,一般,,2026-07-12 09:37:52,2026-07-12 09:37:52
20260709,DQF,202608/202609,0.09,0.21,0.09,0.19,-,-,52,-,-,0.09,0.14,0.61,0.09,,一般,27,2026-07-12 09:37:52,2026-07-12 09:37:52
20260709,DQF,202609,65.2,67.5,65,65,-0.8,-1.22%,88,65,648,64.6,65.3,75.3,12.5,,一般,,2026-07-12 09:37:52,2026-07-12 09:37:52
20260709,DQF,202612,67.5,68.2,67,67,1.1,1.67%,3,66.2,179,65.8,66.6,75.6,21.6,,一般,,2026-07-12 09:37:52,2026-07-12 09:37:52
20260709,DQF,202703,67,67,67,67,1.3,1.98%,1,66.6,27,64.5,68.6,71.3,26.5,,一般,,2026-07-12 09:37:52,2026-07-12 09:37:52
20260709,DSF,202607,32.1,33.7,32.1,32.65,0.65,2.03%,4133,32.55,8143,32.5,32.65,45.2,28.8,,一般,,2026-07-12 09:37:52,2026-07-12 09:37:52
20260709,DSF,202607/202608,-0.1,0.04,-0.89,-0.4,-,-,1614,-,-,-0.39,-0.29,0.21,-0.89,,一般,376,2026-07-12 09:37:52,2026-07-12 09:37:52
20260709,DSF,202608,32.85,33.5,31.95,32.25,0.25,0.78%,2278,32.25,2694,32.15,32.3,34.8,30.7,,一般,,2026-07-12 09:37:52,2026-07-12 09:37:52
20260709,DSF,202609,-,-,-,-,-,-,0,33.1,32,33.1,-,43.95,26.85,,一般,,2026-07-12 09:37:52,2026-07-12 09:37:52
20260709,DSF,202612,-,-,-,-,-,-,0,32.65,5,31.2,-,43.9,26.9,,一般,,2026-07-12 09:37:52,2026-07-12 09:37:52
20260709,DSF,202703,-,-,-,-,-,-,0,33.45,2,33.5,-,43.65,28.75,,一般,,2026-07-12 09:37:52,2026-07-12 09:37:52
20260709,DVF,202607,4020,4060,3905,3910,-110,-2.74%,1567,3915,3559,3905,3925,4920,3475,,一般,,2026-07-12 09:37:52,2026-07-12 09:37:52
20260709,DVF,202607/202608,27.71,28.74,27.71,28.28,-,-,736,-,-,28.32,28.33,37.51,24.36,,一般,85,2026-07-12 09:37:52,2026-07-12 09:37:52
20260709,DVF,202608,4065,4065,3940,3940,-100,-2.48%,861,3935,3204,3930,3950,4795,3865,,一般,,2026-07-12 09:37:52,2026-07-12 09:37:52
20260709,DVF,202609,4040,4040,4040,4040,-80,-1.94%,1,4015,19,3935,4070,4730,1190,,一般,,2026-07-12 09:37:52,2026-07-12 09:37:52
20260709,DVF,202612,-,-,-,-,-,-,0,4025,5,3935,4200,2645,1855,,一般,,2026-07-12 09:37:52,2026-07-12 09:37:52
20260709,DVF,202703,-,-,-,-,-,-,0,4100,0,3930,4250,-,-,,一般,,2026-07-12 09:37:52,2026-07-12 09:37:52
20260709,DWF,202607,51.6,52.2,51.5,52,0.4,0.78%,19,52,463,51.6,52.3,54.5,43.45,,一般,,2026-07-12 09:37:52,2026-07-12 09:37:52
20260709,DWF,202608,-,-,-,-,-,-,0,52.4,249,52,52.7,52.8,51.9,,一般,,2026-07-12 09:37:52,2026-07-12 09:37:52
20260709,DWF,202609,-,-,-,-,-,-,0,51.9,561,-,-,57.2,51.9,,一般,,2026-07-12 09:37:52,2026-07-12 09:37:52
20260709,DWF,202612,-,-,-,-,-,-,0,52.1,3,-,-,54.2,47.6,,一般,,2026-07-12 09:37:52,2026-07-12 09:37:52
20260709,DWF,202703,-,-,-,-,-,-,0,51.5,0,-,-,-,-,,一般,,2026-07-12 09:37:52,2026-07-12 09:37:52
20260709,DXF,202607,147.5,148,144.5,144.5,-1.5,-1.03%,1585,144.5,6095,144.5,145,203.5,137,,一般,,2026-07-12 09:37:52,2026-07-12 09:37:52
20260709,DXF,202607/202608,0.77,0.83,0.7,0.71,-,-,413,-,-,0.73,0.99,1.21,0.51,,一般,131,2026-07-12 09:37:52,2026-07-12 09:37:52
20260709,DXF,202608,148,149,145,145.5,-1.5,-1.02%,668,145.5,1765,145,145.5,168,145,,一般,,2026-07-12 09:37:52,2026-07-12 09:37:52
20260709,DXF,202609,148.5,148.5,148.5,148.5,-0.5,-0.34%,4,146.5,84,145.5,147.5,198.5,128,,一般,,2026-07-12 09:37:52,2026-07-12 09:37:52
20260709,DXF,202612,-,-,-,-,-,-,0,146,11,142.5,158.5,191,129.5,,一般,,2026-07-12 09:37:52,2026-07-12 09:37:52
20260709,DXF,202703,-,-,-,-,-,-,0,146.5,10,146.5,-,169.5,163.5,,一般,,2026-07-12 09:37:52,2026-07-12 09:37:52
20260709,DYF,202607,35.95,36.15,35.7,35.85,-0.05,-0.14%,114,35.85,369,35.75,35.95,37.4,32.8,,一般,,2026-07-12 09:37:52,2026-07-12 09:37:52
20260709,DYF,202607/202608,-0.13,-0.12,-0.16,-0.12,-,-,67,-,-,-0.12,-0.11,0.1,-0.16,,一般,5,2026-07-12 09:37:52,2026-07-12 09:37:52
20260709,DYF,202608,35.9,35.9,35.6,35.65,-0.15,-0.42%,109,35.65,203,35.6,35.85,37.1,35.2,,一般,,2026-07-12 09:37:52,2026-07-12 09:37:52
20260709,DYF,202609,-,-,-,-,-,-,0,35.8,0,35.7,-,-,-,,一般,,2026-07-12 09:37:52,2026-07-12 09:37:52
20260709,DYF,202612,-,-,-,-,-,-,0,35.8,1,35.7,-,36.25,35.4,,一般,,2026-07-12 09:37:52,2026-07-12 09:37:52
20260709,DYF,202703,-,-,-,-,-,-,0,35.8,0,35.7,-,-,-,,一般,,2026-07-12 09:37:52,2026-07-12 09:37:52
20260709,DZF,202607,57.3,57.4,57.1,57.2,0.3,0.53%,16,57.2,21,56.8,59.8,58.6,53.1,,一般,,2026-07-12 09:37:52,2026-07-12 09:37:52
20260709,DZF,202608,-,-,-,-,-,-,0,57,3,57,60.4,55.5,55,,一般,,2026-07-12 09:37:52,2026-07-12 09:37:52
20260709,DZF,202609,-,-,-,-,-,-,0,57.3,0,-,-,-,-,,一般,,2026-07-12 09:37:52,2026-07-12 09:37:52
20260709,DZF,202612,-,-,-,-,-,-,0,57,0,-,-,-,-,,一般,,2026-07-12 09:37:52,2026-07-12 09:37:52
20260709,DZF,202703,-,-,-,-,-,-,0,56.8,0,-,-,-,-,,一般,,2026-07-12 09:37:52,2026-07-12 09:37:52
20260709,E4F,202607,25258,25263,25258,25263,138,0.55%,20,25140,50,25027,25254,26849,22679,,一般,,2026-07-12 09:37:52,2026-07-12 09:37:52
20260709,E4F,202608,25582,25582,25188,25368,95,0.38%,102,25368,38,24678,25853,26989,24836,,一般,,2026-07-12 09:37:52,2026-07-12 09:37:52
20260709,E4F,202609,-,-,-,-,-,-,0,24282,0,-,-,-,-,,一般,,2026-07-12 09:37:52,2026-07-12 09:37:52
20260709,E4F,202612,-,-,-,-,-,-,0,24443,0,-,-,-,-,,一般,,2026-07-12 09:37:52,2026-07-12 09:37:52
20260709,E4F,202703,-,-,-,-,-,-,0,24833,0,-,-,-,-,,一般,,2026-07-12 09:37:52,2026-07-12 09:37:52
20260709,E4F,202706,-,-,-,-,-,-,0,25532,0,-,-,-,-,,一般,,2026-07-12 09:37:52,2026-07-12 09:37:52
20260709,EE1,202607,-,-,-,-,-,-,0,13.7,61,-,-,15.75,10.45,,一般,,2026-07-12 09:37:52,2026-07-12 09:37:52
20260709,EE1,202612,-,-,-,-,-,-,0,13.8,1,-,-,14.8,13.6,,一般,,2026-07-12 09:37:52,2026-07-12 09:37:52
20260709,EEF,202607,13.15,13.5,13.1,13.4,-0.1,-0.74%,106,13.4,975,13.35,13.4,15.45,12.7,,一般,,2026-07-12 09:37:52,2026-07-12 09:37:52
20260709,EEF,202608,13.25,13.55,13.25,13.55,0,0.00%,4,13.55,63,13.3,13.45,15.35,13.25,,一般,,2026-07-12 09:37:52,2026-07-12 09:37:52
20260709,EEF,202609,-,-,-,-,-,-,0,13.55,3,13.4,-,15.25,14.8,,一般,,2026-07-12 09:37:52,2026-07-12 09:37:52
20260709,EEF,202612,-,-,-,-,-,-,0,13.5,0,-,-,-,-,,一般,,2026-07-12 09:37:52,2026-07-12 09:37:52
20260709,EEF,202703,-,-,-,-,-,-,0,13.7,0,-,-,-,-,,一般,,2026-07-12 09:37:52,2026-07-12 09:37:52
20260709,EGF,202607,9.5,9.72,8.81,8.94,-0.51,-5.40%,3209,8.92,1752,8.92,8.95,10.9,7,,一般,,2026-07-12 09:37:52,2026-07-12 09:37:52
20260709,EGF,202607/202608,0.07,0.07,0.07,0.07,-,-,1,-,-,0.04,0.07,0.16,0.04,,一般,160,2026-07-12 09:37:52,2026-07-12 09:37:52
20260709,EGF,202608,9.64,9.65,8.85,8.91,-0.6,-6.31%,433,8.96,826,8.96,9.02,11,7.99,,一般,,2026-07-12 09:37:52,2026-07-12 09:37:52
20260709,EGF,202609,9.25,9.25,8.51,8.75,-0.69,-7.31%,5,8.93,2,8.93,-,10.85,7.38,,一般,,2026-07-12 09:37:52,2026-07-12 09:37:52
20260709,EGF,202612,-,-,-,-,-,-,0,8.82,28,-,-,10.65,7.02,,一般,,2026-07-12 09:37:52,2026-07-12 09:37:52
20260709,EGF,202703,-,-,-,-,-,-,0,8.92,0,-,-,-,-,,一般,,2026-07-12 09:37:52,2026-07-12 09:37:52
20260709,EHF,202607,77.5,77.7,76.1,76.6,0.5,0.66%,478,76.6,1312,76.3,76.6,105.5,74.3,,一般,,2026-07-12 09:37:52,2026-07-12 09:37:52
20260709,EHF,202607/202608,0.51,0.61,0.49,0.61,-,-,39,-,-,0.59,0.61,0.61,0.39,,一般,6,2026-07-12 09:37:52,2026-07-12 09:37:52
20260709,EHF,202608,78,78,76.7,77.1,0.4,0.52%,50,77.1,151,76.8,77.3,92.8,76,,一般,,2026-07-12 09:37:52,2026-07-12 09:37:52
20260709,EHF,202609,-,-,-,-,-,-,0,76.8,6,74,-,95.9,77.4,,一般,,2026-07-12 09:37:52,2026-07-12 09:37:52
20260709,EHF,202612,-,-,-,-,-,-,0,76.7,1,73.8,-,77.8,77.8,,一般,,2026-07-12 09:37:52,2026-07-12 09:37:52
20260709,EHF,202703,-,-,-,-,-,-,0,77,0,73.8,-,-,-,,一般,,2026-07-12 09:37:52,2026-07-12 09:37:52
20260709,EKF,202607,13.85,13.85,13.35,13.5,-0.4,-2.88%,59,13.5,154,13.5,14.9,15.8,12.6,,一般,,2026-07-12 09:37:52,2026-07-12 09:37:52
20260709,EKF,202608,14,14,13.6,13.6,-0.35,-2.51%,39,13.6,60,13.55,15.05,15.35,13.35,,一般,,2026-07-12 09:37:52,2026-07-12 09:37:52
20260709,EKF,202609,-,-,-,-,-,-,0,13.45,0,-,-,-,-,,一般,,2026-07-12 09:37:52,2026-07-12 09:37:52
20260709,EKF,202612,-,-,-,-,-,-,0,13.45,0,-,-,-,-,,一般,,2026-07-12 09:37:52,2026-07-12 09:37:52
20260709,EKF,202703,-,-,-,-,-,-,0,13.5,0,-,-,-,-,,一般,,2026-07-12 09:37:52,2026-07-12 09:37:52
20260709,EMF,202607,69,69,66.9,67,-1.5,-2.19%,160,67,1668,67,67.1,90.5,66.8,,一般,,2026-07-12 09:37:52,2026-07-12 09:37:52
20260709,EMF,202607/202608,0.5,0.5,0.1,0.1,-,-,9,-,-,0.06,0.1,0.5,-0.01,,一般,14,2026-07-12 09:37:52,2026-07-12 09:37:52
20260709,EMF,202608,68.8,68.8,67.1,67.1,-1.4,-2.04%,69,67.1,449,67,67.2,74.8,67.1,,一般,,2026-07-12 09:37:52,2026-07-12 09:37:52
20260709,EMF,202609,-,-,-,-,-,-,0,68.5,21,68.5,-,118.5,61.6,,一般,,2026-07-12 09:37:52,2026-07-12 09:37:52
20260709,EMF,202612,-,-,-,-,-,-,0,68,12,68,-,85.3,61,,一般,,2026-07-12 09:37:52,2026-07-12 09:37:52
20260709,EMF,202703,-,-,-,-,-,-,0,67.7,0,-,-,-,-,,一般,,2026-07-12 09:37:52,2026-07-12 09:37:52
20260709,EOF,202607,721,721,721,721,21,3.00%,2,711,13,656,721,775,705,,一般,,2026-07-12 09:37:52,2026-07-12 09:37:52
20260709,EOF,202607/202608,0.84,0.84,0.84,0.84,-,-,1,-,-,0.73,3.98,4.99,0.84,,一般,0,2026-07-12 09:37:52,2026-07-12 09:37:52
20260709,EOF,202608,705,-,-,705,0,0.00%,1,716,9,656,725,776,737,,一般,,2026-07-12 09:37:52,2026-07-12 09:37:52
20260709,EOF,202609,-,-,-,-,-,-,0,710,0,-,746,-,-,,一般,,2026-07-12 09:37:52,2026-07-12 09:37:52
20260709,EOF,202612,-,-,-,-,-,-,0,711,0,-,-,-,-,,一般,,2026-07-12 09:37:52,2026-07-12 09:37:52
20260709,EOF,202703,-,-,-,-,-,-,0,712,0,-,-,-,-,,一般,,2026-07-12 09:37:52,2026-07-12 09:37:52
20260709,EPF,202607,1350,1350,1279,1280,-85,-6.23%,18,1280,44,-,1275,1465,1265,,一般,,2026-07-12 09:37:52,2026-07-12 09:37:52
20260709,EPF,202607/202608,12.13,12.16,12.13,12.16,-,-,8,-,-,1.63,12.16,12.56,9.95,,一般,0,2026-07-12 09:37:52,2026-07-12 09:37:52
20260709,EPF,202608,1365,-,-,1365,0,0.00%,8,1280,20,-,1288,1380,1380,,一般,,2026-07-12 09:37:52,2026-07-12 09:37:52
20260709,EPF,202609,-,-,-,-,-,-,0,1270,0,-,-,-,-,,一般,,2026-07-12 09:37:52,2026-07-12 09:37:52
20260709,EPF,202612,-,-,-,-,-,-,0,1270,0,-,-,-,-,,一般,,2026-07-12 09:37:52,2026-07-12 09:37:52
20260709,EPF,202703,-,-,-,-,-,-,0,1270,0,-,-,-,-,,一般,,2026-07-12 09:37:52,2026-07-12 09:37:52
20260709,EYF,202607,14.25,14.7,13.85,14.3,0.35,2.51%,1748,14.3,2559,14.2,14.35,16.15,6.53,,一般,,2026-07-12 09:37:52,2026-07-12 09:37:52
20260709,EYF,202607/202608,0.09,0.12,0.09,0.12,-,-,9,-,-,0.09,0.16,0.2,0.07,,一般,79,2026-07-12 09:37:52,2026-07-12 09:37:52
20260709,EYF,202608,14.25,14.7,14.05,14.35,0.25,1.77%,129,14.35,450,14.25,14.45,16.15,8.99,,一般,,2026-07-12 09:37:52,2026-07-12 09:37:52
20260709,EYF,202609,-,-,-,-,-,-,0,14.3,13,-,-,13.45,6.56,,一般,,2026-07-12 09:37:52,2026-07-12 09:37:52
20260709,EYF,202612,-,-,-,-,-,-,0,14.4,7,-,-,13.5,7.14,,一般,,2026-07-12 09:37:52,2026-07-12 09:37:52
20260709,EYF,202703,-,-,-,-,-,-,0,14.35,1,-,-,-,-,,一般,,2026-07-12 09:37:52,2026-07-12 09:37:52
20260709,EZF,202607,-,-,-,-,-,-,0,47.55,91,47.1,47.95,50.3,47.25,,一般,,2026-07-12 09:37:52,2026-07-12 09:37:52
20260709,EZF,202608,47.95,47.95,47.9,47.9,-0.1,-0.21%,2,47.85,6,47.4,48.25,49.4,47.9,,一般,,2026-07-12 09:37:52,2026-07-12 09:37:52
20260709,EZF,202609,-,-,-,-,-,-,0,47.1,0,-,-,-,-,,一般,,2026-07-12 09:37:52,2026-07-12 09:37:52
20260709,EZF,202612,-,-,-,-,-,-,0,47.1,0,-,-,-,-,,一般,,2026-07-12 09:37:52,2026-07-12 09:37:52
20260709,EZF,202703,-,-,-,-,-,-,0,47.2,0,-,-,-,-,,一般,,2026-07-12 09:37:52,2026-07-12 09:37:52
20260709,F1F,202609,10510,10528,10510,10524,-166,-1.55%,102,10524,184,-,-,10766,9777,,一般,,2026-07-12 09:37:52,2026-07-12 09:37:52
20260709,F1F,202609,10595,10595,10488,10488,-202,-1.89%,271,NULL,-,-,-,10766,9777,,盤後,,2026-07-12 09:37:52,2026-07-12 09:37:52
20260709,F1F,202612,-,-,-,-,-,-,0,10605,7,-,-,10792,10406,,一般,,2026-07-12 09:37:52,2026-07-12 09:37:52
20260709,F1F,202612,10662,10662,10579,10579,-192,-1.78%,5,NULL,-,-,-,10792,10406,,盤後,,2026-07-12 09:37:52,2026-07-12 09:37:52
20260709,F1F,202703,-,-,-,-,-,-,0,10609,0,-,-,-,-,,一般,,2026-07-12 09:37:52,2026-07-12 09:37:52
20260709,F1F,202703,-,-,-,-,-,-,0,NULL,-,-,-,-,-,,盤後,,2026-07-12 09:37:52,2026-07-12 09:37:52
20260709,F1F,202706,-,-,-,-,-,-,0,10627,0,-,-,-,-,,一般,,2026-07-12 09:37:52,2026-07-12 09:37:52
20260709,F1F,202706,-,-,-,-,-,-,0,NULL,-,-,-,-,-,,盤後,,2026-07-12 09:37:52,2026-07-12 09:37:52
20260709,FBF,202607,69.3,69.3,69.3,69.3,0.2,0.29%,1,70.5,39,67,-,72.1,65.8,,一般,,2026-07-12 09:37:52,2026-07-12 09:37:52
20260709,FBF,202608,-,-,-,-,-,-,0,70.1,13,67.3,-,70.5,68.7,,一般,,2026-07-12 09:37:52,2026-07-12 09:37:52
20260709,FBF,202609,-,-,-,-,-,-,0,70.3,0,-,-,-,-,,一般,,2026-07-12 09:37:52,2026-07-12 09:37:52
20260709,FBF,202612,-,-,-,-,-,-,0,70.4,0,-,-,-,-,,一般,,2026-07-12 09:37:52,2026-07-12 09:37:52
20260709,FBF,202703,-,-,-,-,-,-,0,70.4,0,-,-,-,-,,一般,,2026-07-12 09:37:52,2026-07-12 09:37:52
20260709,FEF,202607,39.75,40.8,39.75,40.05,-0.6,-1.48%,307,40.05,2338,40,40.1,45.05,39.75,,一般,,2026-07-12 09:37:52,2026-07-12 09:37:52
20260709,FEF,202607/202608,0.24,0.25,0.21,0.25,-,-,163,-,-,0.23,0.25,0.26,0.19,,一般,15,2026-07-12 09:37:52,2026-07-12 09:37:52
20260709,FEF,202608,40.7,40.7,40.3,40.3,-0.3,-0.74%,179,40.3,302,40.25,40.35,42.1,40.1,,一般,,2026-07-12 09:37:52,2026-07-12 09:37:52
20260709,FEF,202609,-,-,-,-,-,-,0,40.25,2,-,-,38.75,37,,一般,,2026-07-12 09:37:52,2026-07-12 09:37:52
20260709,FEF,202612,-,-,-,-,-,-,0,39.85,1,-,-,44,37.8,,一般,,2026-07-12 09:37:52,2026-07-12 09:37:52
20260709,FEF,202703,-,-,-,-,-,-,0,39.6,0,-,-,-,-,,一般,,2026-07-12 09:37:52,2026-07-12 09:37:52
20260709,FFF,202607,344.5,346,329.5,330.5,-8,-2.36%,208,330.5,538,327,330,416.5,303.5,,一般,,2026-07-12 09:37:52,2026-07-12 09:37:52
20260709,FFF,202607/202608,1.9,1.9,1.9,1.9,-,-,1,-,-,1,2.05,2.1,1.64,,一般,10,2026-07-12 09:37:52,2026-07-12 09:37:52
20260709,FFF,202608,346.5,346.5,333,333,-7.5,-2.20%,13,330,46,329,332.5,374.5,312,,一般,,2026-07-12 09:37:52,2026-07-12 09:37:52
20260709,FFF,202609,-,-,-,-,-,-,0,332,0,327.5,368,-,-,,一般,,2026-07-12 09:37:52,2026-07-12 09:37:52
20260709,FFF,202612,-,-,-,-,-,-,0,332,1,324.5,373,268.5,266,,一般,,2026-07-12 09:37:52,2026-07-12 09:37:52
20260709,FFF,202703,-,-,-,-,-,-,0,331,0,322.5,-,-,-,,一般,,2026-07-12 09:37:52,2026-07-12 09:37:52
20260709,FGF,202607,8095,8525,8080,8280,130,1.60%,227,8255,46,7875,8300,8695,5395,,一般,,2026-07-12 09:37:52,2026-07-12 09:37:52
20260709,FGF,202607/202608,45.01,49.95,45.01,49.95,-,-,8,-,-,44.99,51.3,49.95,40.01,,一般,0,2026-07-12 09:37:52,2026-07-12 09:37:52
20260709,FGF,202608,8125,-,-,8125,0,0.00%,8,8315,8,7915,8355,8080,7560,,一般,,2026-07-12 09:37:52,2026-07-12 09:37:52
20260709,FGF,202609,-,-,-,-,-,-,0,8240,0,-,-,-,-,,一般,,2026-07-12 09:37:52,2026-07-12 09:37:52
20260709,FGF,202612,-,-,-,-,-,-,0,8215,0,-,-,-,-,,一般,,2026-07-12 09:37:52,2026-07-12 09:37:52
20260709,FGF,202703,-,-,-,-,-,-,0,8255,0,-,-,-,-,,一般,,2026-07-12 09:37:52,2026-07-12 09:37:52
20260709,FKF,202607,32.65,32.65,32,32.5,0.25,0.78%,61,32.5,812,32.3,32.65,35.85,29.2,,一般,,2026-07-12 09:37:52,2026-07-12 09:37:52
20260709,FKF,202607/202608,0.14,0.14,0.14,0.14,-,-,1,-,-,0.08,0.14,0.14,0.14,,一般,37,2026-07-12 09:37:52,2026-07-12 09:37:52
20260709,FKF,202608,32.45,32.5,32.2,32.2,-0.25,-0.77%,41,32.45,92,32.45,32.8,33,29.65,,一般,,2026-07-12 09:37:52,2026-07-12 09:37:52
20260709,FKF,202609,-,-,-,-,-,-,0,32.35,1,-,-,32.85,30.8,,一般,,2026-07-12 09:37:52,2026-07-12 09:37:52
20260709,FKF,202612,-,-,-,-,-,-,0,32.25,0,-,-,30.75,29,,一般,,2026-07-12 09:37:52,2026-07-12 09:37:52
20260709,FKF,202703,-,-,-,-,-,-,0,32.25,0,-,-,-,-,,一般,,2026-07-12 09:37:52,2026-07-12 09:37:52
20260709,FNF,202607,29,29.2,28.2,28.45,-0.05,-0.18%,48,28.45,617,28.35,28.6,30,26.85,,一般,,2026-07-12 09:37:52,2026-07-12 09:37:52
20260709,FNF,202607/202608,-0.02,-0.02,-0.02,-0.02,-,-,1,-,-,0.07,0.1,0.18,-0.02,,一般,2,2026-07-12 09:37:52,2026-07-12 09:37:52
20260709,FNF,202608,28.4,28.4,28.3,28.3,-0.25,-0.88%,3,28.5,365,28.4,28.7,29.8,27.1,,一般,,2026-07-12 09:37:52,2026-07-12 09:37:52
20260709,FNF,202609,-,-,-,-,-,-,0,28.45,11,27.8,-,43.65,35.9,,一般,,2026-07-12 09:37:52,2026-07-12 09:37:52
20260709,FNF,202612,-,-,-,-,-,-,0,28.75,8,-,-,31,28,,一般,,2026-07-12 09:37:52,2026-07-12 09:37:52
20260709,FNF,202703,-,-,-,-,-,-,0,28.2,1,-,-,27.65,27.65,,一般,,2026-07-12 09:37:52,2026-07-12 09:37:52
20260709,FQF,202607,216,220.5,212.5,214.5,0.5,0.23%,828,214.5,2511,214,215,266,200,,一般,,2026-07-12 09:37:52,2026-07-12 09:37:52
20260709,FQF,202607/202608,1.14,1.15,0.99,1.04,-,-,119,-,-,1.03,1.04,1.44,0.99,,一般,42,2026-07-12 09:37:52,2026-07-12 09:37:52
20260709,FQF,202608,221,221,214,215.5,0.5,0.23%,176,215.5,577,215,216,239.5,203.5,,一般,,2026-07-12 09:37:52,2026-07-12 09:37:52
20260709,FQF,202609,-,-,-,-,-,-,0,217,26,216,217.5,252,154.5,,一般,,2026-07-12 09:37:52,2026-07-12 09:37:52
20260709,FQF,202612,-,-,-,-,-,-,0,213.5,34,207,226,254,156,,一般,,2026-07-12 09:37:52,2026-07-12 09:37:52
20260709,FQF,202703,-,-,-,-,-,-,0,213.5,0,212,-,246.5,246.5,,一般,,2026-07-12 09:37:52,2026-07-12 09:37:52
20260709,FRF,202607,1891,1941,1875,1894,8,0.42%,2165,1894,3831,1882,1898,2640,1790,,一般,,2026-07-12 09:37:52,2026-07-12 09:37:52
20260709,FRF,202607/202608,9.31,10.22,9,9.01,-,-,363,-,-,9.05,9.4,19.14,8.91,,一般,56,2026-07-12 09:37:52,2026-07-12 09:37:52
20260709,FRF,202608,1886,1945,1886,1892,-6,-0.32%,420,1904,2792,1891,1908,2240,1810,,一般,,2026-07-12 09:37:52,2026-07-12 09:37:52
20260709,FRF,202609,-,-,-,-,-,-,0,1927,4,1888,1943,2500,891,,一般,,2026-07-12 09:37:52,2026-07-12 09:37:52
20260709,FRF,202612,-,-,-,-,-,-,0,1924,4,1888,2013,2270,1190,,一般,,2026-07-12 09:37:52,2026-07-12 09:37:52
20260709,FRF,202703,-,-,-,-,-,-,0,1939,5,1888,2063,2075,2000,,一般,,2026-07-12 09:37:52,2026-07-12 09:37:52
20260709,FSF,202607,34.5,35.9,33.9,33.95,-0.5,-1.45%,555,33.95,1753,34.1,34.15,45.15,29.85,,一般,,2026-07-12 09:37:52,2026-07-12 09:37:52
20260709,FSF,202607/202608,0,0,-0.08,-0.08,-,-,88,-,-,-0.13,-0.08,0.35,-0.08,,一般,69,2026-07-12 09:37:52,2026-07-12 09:37:52
20260709,FSF,202608,35,36.35,33.85,33.9,-0.55,-1.60%,212,33.9,465,33.95,34.1,39.55,33,,一般,,2026-07-12 09:37:52,2026-07-12 09:37:52
20260709,FSF,202609,-,-,-,-,-,-,0,33.9,39,33.8,-,41.55,22.3,,一般,,2026-07-12 09:37:52,2026-07-12 09:37:52
20260709,FSF,202612,-,-,-,-,-,-,0,34.1,51,33.95,35.45,42.5,22.9,,一般,,2026-07-12 09:37:52,2026-07-12 09:37:52
20260709,FSF,202703,-,-,-,-,-,-,0,33.9,0,-,-,25.85,25.85,,一般,,2026-07-12 09:37:52,2026-07-12 09:37:52
20260709,FT1,202607,230,236,222.5,222.5,-2.5,-1.11%,150,223.5,4460,222.5,223.5,312,214.5,,一般,,2026-07-12 09:37:52,2026-07-12 09:37:52
20260709,FT1,202607/202608,2,2.04,1.99,2,-,-,87,-,-,2.51,3,2.04,0,,一般,0,2026-07-12 09:37:52,2026-07-12 09:37:52
20260709,FT1,202608,227,-,-,227,0,0.00%,87,225.5,82,225,226.5,271,221.5,,一般,,2026-07-12 09:37:52,2026-07-12 09:37:52
20260709,FT1,202609,-,-,-,-,-,-,0,225.5,32,223.5,-,312,97.2,,一般,,2026-07-12 09:37:52,2026-07-12 09:37:52
20260709,FT1,202612,-,-,-,-,-,-,0,223.5,14,-,-,289,187,,一般,,2026-07-12 09:37:52,2026-07-12 09:37:52
20260709,FT1,202703,-,-,-,-,-,-,0,224.5,5,-,-,301,245,,一般,,2026-07-12 09:37:52,2026-07-12 09:37:52
20260709,FTF,202607,229,236.5,222.5,223,-1.5,-0.67%,2979,223,3096,222.5,223.5,267.5,211.5,,一般,,2026-07-12 09:37:52,2026-07-12 09:37:52
20260709,FTF,202607/202608,2.01,2.51,1.49,2.49,-,-,314,-,-,2.49,2.51,2.51,1.25,,一般,124,2026-07-12 09:37:52,2026-07-12 09:37:52
20260709,FTF,202607/202609,2.01,2.01,2.01,2.01,-,-,20,-,-,1.99,2.01,2.01,0.5,,一般,2,2026-07-12 09:37:52,2026-07-12 09:37:52
20260709,FTF,202608,231.5,238,225,225,-1.5,-0.66%,526,225,488,225,226.5,267,216.5,,一般,,2026-07-12 09:37:52,2026-07-12 09:37:52
20260709,FTF,202609,225,225,225,225,-1,-0.44%,22,225,47,224,226,267.5,219,,一般,,2026-07-12 09:37:52,2026-07-12 09:37:52
20260709,FTF,202612,-,-,-,-,-,-,0,223,1,224.5,-,272.5,272.5,,一般,,2026-07-12 09:37:52,2026-07-12 09:37:52
20260709,FTF,202703,-,-,-,-,-,-,0,224,0,225,-,-,-,,一般,,2026-07-12 09:37:52,2026-07-12 09:37:52
20260709,FVF,202607,21.05,21.1,20.45,21.1,0.6,2.93%,22,21,225,20.9,21.2,26.45,19.75,,一般,,2026-07-12 09:37:52,2026-07-12 09:37:52
20260709,FVF,202608,-,-,-,-,-,-,0,21,142,20.85,21.3,-,-,,一般,,2026-07-12 09:37:52,2026-07-12 09:37:52
20260709,FVF,202609,-,-,-,-,-,-,0,21,2,-,-,24,23.8,,一般,,2026-07-12 09:37:52,2026-07-12 09:37:52
20260709,FVF,202612,-,-,-,-,-,-,0,20.9,0,-,-,-,-,,一般,,2026-07-12 09:37:52,2026-07-12 09:37:52
20260709,FVF,202703,-,-,-,-,-,-,0,20.9,0,-,-,-,-,,一般,,2026-07-12 09:37:52,2026-07-12 09:37:52
20260709,FWF,202607,24.2,24.2,24.2,24.2,2.2,10.00%,251,24.2,1351,24.2,-,24.2,15.5,,一般,,2026-07-12 09:37:52,2026-07-12 09:37:52
20260709,FWF,202607/202608,0.09,0.11,0.08,0.09,-,-,91,-,-,0.04,0.14,0.38,-0.1,,一般,45,2026-07-12 09:37:52,2026-07-12 09:37:52
20260709,FWF,202608,24.35,24.35,24.35,24.35,2.2,9.93%,146,24.35,497,24.35,-,24.35,17.6,,一般,,2026-07-12 09:37:52,2026-07-12 09:37:52
20260709,FWF,202609,-,-,-,-,-,-,0,24.2,0,24.2,-,20,16.6,,一般,,2026-07-12 09:37:52,2026-07-12 09:37:52
20260709,FWF,202612,-,-,-,-,-,-,0,23.85,0,23.85,-,16.4,14.65,,一般,,2026-07-12 09:37:52,2026-07-12 09:37:52
20260709,FWF,202703,-,-,-,-,-,-,0,23.8,0,23.8,-,-,-,,一般,,2026-07-12 09:37:52,2026-07-12 09:37:52
20260709,FYF,202607,37.5,38.25,36.4,36.45,-0.6,-1.62%,307,36.45,767,36.15,36.3,46.3,32.4,,一般,,2026-07-12 09:37:52,2026-07-12 09:37:52
20260709,FYF,202607/202608,0.01,0.01,-0.09,-0.07,-,-,79,-,-,-0.11,-0.07,0.36,-0.09,,一般,23,2026-07-12 09:37:52,2026-07-12 09:37:52
20260709,FYF,202608,37,38,36.4,36.4,-0.5,-1.36%,104,36.4,226,36.1,36.25,45.45,35,,一般,,2026-07-12 09:37:52,2026-07-12 09:37:52
20260709,FYF,202609,-,-,-,-,-,-,0,36.7,9,-,40.15,45.15,32.65,,一般,,2026-07-12 09:37:52,2026-07-12 09:37:52
20260709,FYF,202612,-,-,-,-,-,-,0,36,0,-,-,-,-,,一般,,2026-07-12 09:37:52,2026-07-12 09:37:52
20260709,FYF,202703,-,-,-,-,-,-,0,36.2,0,-,-,38.95,35.45,,一般,,2026-07-12 09:37:52,2026-07-12 09:37:52
20260709,FZF,202607,175,185,170.5,178.5,9,5.31%,21115,178.5,15773,178,178.5,240.5,115,,一般,,2026-07-12 09:37:52,2026-07-12 09:37:52
20260709,FZF,202607/202608,0.91,0.99,0.91,0.95,-,-,2957,-,-,0.95,0.96,1.47,0.59,,一般,916,2026-07-12 09:37:52,2026-07-12 09:37:52
20260709,FZF,202608,175.5,185.5,171,179,9,5.29%,4527,179,5072,179,179.5,240,166.5,,一般,,2026-07-12 09:37:52,2026-07-12 09:37:52
20260709,FZF,202609,175,185,175,179,9,5.29%,19,179,455,180,181,235.5,44.2,,一般,,2026-07-12 09:37:52,2026-07-12 09:37:52
20260709,FZF,202612,182,182,182,182,12,7.06%,1,182,69,181,182.5,237.5,85.4,,一般,,2026-07-12 09:37:52,2026-07-12 09:37:52
20260709,FZF,202703,-,-,-,-,-,-,0,181,8,182.5,183.5,217.5,110.5,,一般,,2026-07-12 09:37:52,2026-07-12 09:37:52
20260709,G2F,202607,19678,19680,19649,19650,304,1.57%,21,19650,35,-,19888,21275,18850,,一般,,2026-07-12 09:37:52,2026-07-12 09:37:52
20260709,G2F,202608,-,-,-,-,-,-,0,19702,6,-,-,19943,19262,,一般,,2026-07-12 09:37:52,2026-07-12 09:37:52
20260709,G2F,202609,-,-,-,-,-,-,0,19282,0,-,-,-,-,,一般,,2026-07-12 09:37:52,2026-07-12 09:37:52
20260709,G2F,202612,-,-,-,-,-,-,0,19328,0,-,-,-,-,,一般,,2026-07-12 09:37:52,2026-07-12 09:37:52
20260709,G2F,202703,-,-,-,-,-,-,0,19604,0,-,-,-,-,,一般,,2026-07-12 09:37:52,2026-07-12 09:37:52
20260709,G2F,202706,-,-,-,-,-,-,0,19775,0,-,-,-,-,,一般,,2026-07-12 09:37:52,2026-07-12 09:37:52
20260709,GAF,202607,89.1,89.6,86.5,87.4,-1.3,-1.47%,989,87.4,1610,87.1,87.4,98.3,84.7,,一般,,2026-07-12 09:37:52,2026-07-12 09:37:52
20260709,GAF,202607/202608,0.29,0.31,0.29,0.31,-,-,13,-,-,0.31,0.47,0.53,0.25,,一般,2,2026-07-12 09:37:52,2026-07-12 09:37:52
20260709,GAF,202608,87.5,88,87.5,88,-0.8,-0.90%,15,87.7,26,87.4,87.9,97.3,87.5,,一般,,2026-07-12 09:37:52,2026-07-12 09:37:52
20260709,GAF,202609,-,-,-,-,-,-,0,87.3,0,84.4,-,62.4,60.6,,一般,,2026-07-12 09:37:52,2026-07-12 09:37:52
20260709,GAF,202612,-,-,-,-,-,-,0,87.5,0,84.4,-,-,-,,一般,,2026-07-12 09:37:52,2026-07-12 09:37:52
20260709,GAF,202703,-,-,-,-,-,-,0,87.4,0,84.4,-,-,-,,一般,,2026-07-12 09:37:52,2026-07-12 09:37:52
20260709,GCF,202607,58,58,56.4,57,-0.7,-1.21%,137,57,594,56.8,57.1,66.6,53.9,,一般,,2026-07-12 09:37:52,2026-07-12 09:37:52
20260709,GCF,202607/202608,0,0.01,0,0.01,-,-,8,-,-,0.01,0.35,0.31,0,,一般,7,2026-07-12 09:37:52,2026-07-12 09:37:52
20260709,GCF,202608,57.2,57.5,56.6,57.5,-0.4,-0.69%,23,57.5,188,57.1,57.5,60.4,55.3,,一般,,2026-07-12 09:37:52,2026-07-12 09:37:52
20260709,GCF,202609,-,-,-,-,-,-,0,56.6,15,-,60.1,64.3,52,,一般,,2026-07-12 09:37:52,2026-07-12 09:37:52
20260709,GCF,202612,-,-,-,-,-,-,0,57.1,1,53,59.5,57.5,53.8,,一般,,2026-07-12 09:37:52,2026-07-12 09:37:52
20260709,GCF,202703,-,-,-,-,-,-,0,56.7,0,-,-,-,-,,一般,,2026-07-12 09:37:52,2026-07-12 09:37:52
20260709,GDF,202608,4080.6,4132,4080.6,4132,-16,-0.39%,12,4132,258,-,4148.5,4811.2,3985,,一般,,2026-07-12 09:37:52,2026-07-12 09:37:52
20260709,GDF,202608,3990,4077.3,3990,4077.3,-70.7,-1.70%,10,NULL,-,4000,4200,4811.2,3985,,盤後,,2026-07-12 09:37:52,2026-07-12 09:37:52
20260709,GDF,202610,4115.1,4166.1,4115.1,4166.1,-18.7,-0.45%,30,4166.1,130,-,4183.5,4239.7,4038.6,,一般,,2026-07-12 09:37:52,2026-07-12 09:37:52
20260709,GDF,202610,-,-,-,-,-,-,0,NULL,-,4020,4235,4239.7,4038.6,,盤後,,2026-07-12 09:37:52,2026-07-12 09:37:52
20260709,GDF,202612,-,-,-,-,-,-,0,4215.2,0,-,-,-,-,,一般,,2026-07-12 09:37:52,2026-07-12 09:37:52
20260709,GDF,202612,-,-,-,-,-,-,0,NULL,-,-,-,-,-,,盤後,,2026-07-12 09:37:52,2026-07-12 09:37:52
20260709,GDF,202702,-,-,-,-,-,-,0,4250.2,0,-,-,-,-,,一般,,2026-07-12 09:37:52,2026-07-12 09:37:52
20260709,GDF,202702,-,-,-,-,-,-,0,NULL,-,-,-,-,-,,盤後,,2026-07-12 09:37:52,2026-07-12 09:37:52
20260709,GDF,202704,-,-,-,-,-,-,0,4245.9,0,-,-,-,-,,一般,,2026-07-12 09:37:52,2026-07-12 09:37:52
20260709,GDF,202704,-,-,-,-,-,-,0,NULL,-,-,-,-,-,,盤後,,2026-07-12 09:37:52,2026-07-12 09:37:52
20260709,GDF,202706,-,-,-,-,-,-,0,4278.6,0,-,-,-,-,,一般,,2026-07-12 09:37:52,2026-07-12 09:37:52
20260709,GDF,202706,-,-,-,-,-,-,0,NULL,-,-,-,-,-,,盤後,,2026-07-12 09:37:52,2026-07-12 09:37:52
20260709,GHF,202607,340.5,342.5,334,335.5,0.5,0.15%,403,335,1336,334.5,335,406.5,317,,一般,,2026-07-12 09:37:52,2026-07-12 09:37:52
20260709,GHF,202607/202608,0.22,0.51,0.22,0.47,-,-,194,-,-,0.47,0.51,1.01,0.22,,一般,28,2026-07-12 09:37:52,2026-07-12 09:37:52
20260709,GHF,202608,336.5,342,334.5,334.5,-2,-0.59%,225,335.5,381,334.5,336,347,320,,一般,,2026-07-12 09:37:52,2026-07-12 09:37:52
20260709,GHF,202609,-,-,-,-,-,-,0,335,2,323.5,346,338,278,,一般,,2026-07-12 09:37:52,2026-07-12 09:37:52
20260709,GHF,202612,-,-,-,-,-,-,0,336.5,0,323.5,346,-,-,,一般,,2026-07-12 09:37:52,2026-07-12 09:37:52
20260709,GHF,202703,-,-,-,-,-,-,0,338.5,0,323.5,-,-,-,,一般,,2026-07-12 09:37:52,2026-07-12 09:37:52
20260709,GIF,202607,143.5,148,141.5,144.5,2.5,1.76%,1222,144.5,2924,144.5,145.5,153,119,,一般,,2026-07-12 09:37:52,2026-07-12 09:37:52
20260709,GIF,202607/202608,0.46,0.59,0.46,0.59,-,-,55,-,-,0.59,0.6,0.59,0.2,,一般,58,2026-07-12 09:37:52,2026-07-12 09:37:52
20260709,GIF,202607/202609,1.01,1.01,1.01,1.01,-,-,10,-,-,1.02,-,1.24,0,,一般,8,2026-07-12 09:37:52,2026-07-12 09:37:52
20260709,GIF,202607/202612,2.51,2.51,2.51,2.51,-,-,10,-,-,2.51,-,2.55,2.01,,一般,4,2026-07-12 09:37:52,2026-07-12 09:37:52
20260709,GIF,202608,142.5,148,142.5,145,2,1.40%,163,145,397,145,146.5,148,131.5,,一般,,2026-07-12 09:37:52,2026-07-12 09:37:52
20260709,GIF,202608/202609,0.49,0.49,0.49,0.49,-,-,5,-,-,-,1.01,1.01,0.49,,一般,0,2026-07-12 09:37:52,2026-07-12 09:37:52
20260709,GIF,202609,145.5,146,144.5,145,2,1.40%,23,145,5,145.5,148.5,147.5,92.5,,一般,,2026-07-12 09:37:52,2026-07-12 09:37:52
20260709,GIF,202612,146.5,147.5,146.5,147.5,2.5,1.72%,14,147.5,18,147,-,148,93.5,,一般,,2026-07-12 09:37:52,2026-07-12 09:37:52
20260709,GIF,202703,-,-,-,-,-,-,0,148.5,1,148,149.5,146,134,,一般,,2026-07-12 09:37:52,2026-07-12 09:37:52
20260709,GJF,202607,818,861,812,851,33,4.03%,316,850,483,843,855,963,583,,一般,,2026-07-12 09:37:52,2026-07-12 09:37:52
20260709,GJF,202607/202608,1.62,1.99,1.62,1.63,-,-,32,-,-,1.71,2.01,3.05,1.62,,一般,12,2026-07-12 09:37:52,2026-07-12 09:37:52
20260709,GJF,202608,843,854,843,854,34,4.15%,44,854,61,844,858,873,744,,一般,,2026-07-12 09:37:52,2026-07-12 09:37:52
20260709,GJF,202609,-,-,-,-,-,-,0,851,2,797,-,672,542,,一般,,2026-07-12 09:37:52,2026-07-12 09:37:52
20260709,GJF,202612,-,-,-,-,-,-,0,854,3,796,-,502,486.5,,一般,,2026-07-12 09:37:52,2026-07-12 09:37:52
20260709,GJF,202703,-,-,-,-,-,-,0,860,0,795,-,607,595,,一般,,2026-07-12 09:37:52,2026-07-12 09:37:52
20260709,GKF,202607,107,108,107,108,1.5,1.41%,28,108,296,106,108,139,100.5,,一般,,2026-07-12 09:37:52,2026-07-12 09:37:52
20260709,GKF,202607/202608,0.5,0.5,0.32,0.32,-,-,21,-,-,0.31,0.32,0.7,0.2,,一般,0,2026-07-12 09:37:52,2026-07-12 09:37:52
20260709,GKF,202608,106.5,-,-,106.5,0,0.00%,21,108,50,106.5,108.5,115,101.5,,一般,,2026-07-12 09:37:52,2026-07-12 09:37:52
20260709,GKF,202609,-,-,-,-,-,-,0,108.5,16,106,-,120,115,,一般,,2026-07-12 09:37:52,2026-07-12 09:37:52
20260709,GKF,202612,-,-,-,-,-,-,0,107.5,1,105.5,-,119,119,,一般,,2026-07-12 09:37:52,2026-07-12 09:37:52
20260709,GKF,202703,-,-,-,-,-,-,0,107.5,0,102.5,-,-,-,,一般,,2026-07-12 09:37:52,2026-07-12 09:37:52
20260709,GLF,202607,37.45,37.45,37,37.2,-0.7,-1.85%,8,37.2,248,36.85,37.25,44,37,,一般,,2026-07-12 09:37:52,2026-07-12 09:37:52
20260709,GLF,202608,37.2,37.2,37.2,37.2,-0.95,-2.49%,2,37.2,7,37.05,37.45,40,37.2,,一般,,2026-07-12 09:37:52,2026-07-12 09:37:52
20260709,GLF,202609,-,-,-,-,-,-,0,37,1,-,-,40,34.05,,一般,,2026-07-12 09:37:52,2026-07-12 09:37:52
20260709,GLF,202612,-,-,-,-,-,-,0,36.9,0,-,-,37.6,37,,一般,,2026-07-12 09:37:52,2026-07-12 09:37:52
20260709,GLF,202703,-,-,-,-,-,-,0,37,0,-,-,-,-,,一般,,2026-07-12 09:37:52,2026-07-12 09:37:52
20260709,GMF,202607,70.9,72.5,70.9,71.8,0.9,1.27%,12,71.8,111,71,73.9,73.5,62.9,,一般,,2026-07-12 09:37:52,2026-07-12 09:37:52
20260709,GMF,202608,71.5,71.5,71.5,71.5,0.5,0.70%,1,71.5,1,71,74.4,71.5,71.5,,一般,,2026-07-12 09:37:52,2026-07-12 09:37:52
20260709,GMF,202609,-,-,-,-,-,-,0,71.6,0,68.7,-,59.1,57.9,,一般,,2026-07-12 09:37:52,2026-07-12 09:37:52
20260709,GMF,202612,-,-,-,-,-,-,0,72,0,70,-,66.5,57.8,,一般,,2026-07-12 09:37:52,2026-07-12 09:37:52
20260709,GMF,202703,-,-,-,-,-,-,0,71.7,0,68.7,-,-,-,,一般,,2026-07-12 09:37:52,2026-07-12 09:37:52
20260709,GNF,202607,32,34.25,32,32.9,0.7,2.17%,411,32.9,790,32.85,33.2,36.4,24.7,,一般,,2026-07-12 09:37:52,2026-07-12 09:37:52
20260709,GNF,202607/202608,0.32,0.32,0.24,0.24,-,-,3,-,-,0.14,0.24,0.44,0.17,,一般,68,2026-07-12 09:37:52,2026-07-12 09:37:52
20260709,GNF,202608,34.25,34.55,33.1,33.1,0.65,2.00%,129,33.1,163,33.1,33.45,36.05,31.15,,一般,,2026-07-12 09:37:52,2026-07-12 09:37:52
20260709,GNF,202609,-,-,-,-,-,-,0,33,2,-,-,32.5,31.45,,一般,,2026-07-12 09:37:52,2026-07-12 09:37:52
20260709,GNF,202612,-,-,-,-,-,-,0,32.65,0,-,-,-,-,,一般,,2026-07-12 09:37:52,2026-07-12 09:37:52
20260709,GNF,202703,-,-,-,-,-,-,0,32.75,0,-,-,-,-,,一般,,2026-07-12 09:37:52,2026-07-12 09:37:52
20260709,GOF,202607,1234,1248,1210,1220,20,1.67%,78,1218,360,1125,1225,1450,1115,,一般,,2026-07-12 09:37:52,2026-07-12 09:37:52
20260709,GOF,202607/202608,6.99,7.6,6.69,7.2,-,-,16,-,-,5.23,7.6,9.01,5.19,,一般,0,2026-07-12 09:37:52,2026-07-12 09:37:52
20260709,GOF,202608,1205,-,-,1205,0,0.00%,16,1225,52,1130,1233,1360,1270,,一般,,2026-07-12 09:37:52,2026-07-12 09:37:52
20260709,GOF,202609,-,-,-,-,-,-,0,1223,1,1230,-,1405,1405,,一般,,2026-07-12 09:37:52,2026-07-12 09:37:52
20260709,GOF,202612,-,-,-,-,-,-,0,1218,1,-,-,1105,1105,,一般,,2026-07-12 09:37:52,2026-07-12 09:37:52
20260709,GOF,202703,-,-,-,-,-,-,0,1198,0,-,-,-,-,,一般,,2026-07-12 09:37:52,2026-07-12 09:37:52
20260709,GRF,202607,310,317.5,304,306,1,0.33%,2161,306,3735,305.5,306.5,369.5,264,,一般,,2026-07-12 09:37:52,2026-07-12 09:37:52
20260709,GRF,202607/202608,1.6,1.6,1.02,1.05,-,-,387,-,-,1.04,1.05,1.99,0.75,,一般,179,2026-07-12 09:37:52,2026-07-12 09:37:52
20260709,GRF,202607/202609,2.99,2.99,2.99,2.99,-,-,10,-,-,-2,3.01,3.01,1.51,,一般,10,2026-07-12 09:37:52,2026-07-12 09:37:52
20260709,GRF,202608,314,318.5,306,307.5,1,0.33%,705,307.5,1027,307,308,369.5,302.5,,一般,,2026-07-12 09:37:52,2026-07-12 09:37:52
20260709,GRF,202608/202609,1.51,1.51,1.51,1.51,-,-,10,-,-,1.01,-,1.51,0.51,,一般,10,2026-07-12 09:37:52,2026-07-12 09:37:52
20260709,GRF,202609,319,319,319,319,11.5,3.74%,30,309,31,308,310,369.5,174,,一般,,2026-07-12 09:37:52,2026-07-12 09:37:52
20260709,GRF,202612,-,-,-,-,-,-,0,309,41,295.5,-,342.5,275,,一般,,2026-07-12 09:37:52,2026-07-12 09:37:52
20260709,GRF,202703,-,-,-,-,-,-,0,308.5,0,295.5,-,336,302,,一般,,2026-07-12 09:37:52,2026-07-12 09:37:52
20260709,GTF,202607,-,-,-,-,-,-,0,422.4,1,418.8,-,456,427,,一般,,2026-07-12 09:37:52,2026-07-12 09:37:52
20260709,GTF,202608,-,-,-,-,-,-,0,419.9,0,-,-,-,-,,一般,,2026-07-12 09:37:52,2026-07-12 09:37:52
20260709,GTF,202609,-,-,-,-,-,-,0,410.25,0,-,-,-,-,,一般,,2026-07-12 09:37:52,2026-07-12 09:37:52
20260709,GTF,202612,-,-,-,-,-,-,0,414.95,0,-,-,-,-,,一般,,2026-07-12 09:37:52,2026-07-12 09:37:52
20260709,GTF,202703,-,-,-,-,-,-,0,421.7,0,-,-,-,-,,一般,,2026-07-12 09:37:52,2026-07-12 09:37:52
20260709,GTF,202706,-,-,-,-,-,-,0,420.65,0,-,-,-,-,,一般,,2026-07-12 09:37:52,2026-07-12 09:37:52
20260709,GUF,202607,350,350,331,333,-5,-1.48%,723,333,2149,333,336,462.5,311.5,,一般,,2026-07-12 09:37:52,2026-07-12 09:37:52
20260709,GUF,202607/202608,2,2.25,1.99,1.99,-,-,126,-,-,1.56,2.01,2.8,1.49,,一般,37,2026-07-12 09:37:52,2026-07-12 09:37:52
20260709,GUF,202608,346.5,349,334,334,-4,-1.18%,173,334,621,334.5,338.5,448.5,319.5,,一般,,2026-07-12 09:37:52,2026-07-12 09:37:52
20260709,GUF,202609,-,-,-,-,-,-,0,334,14,333.5,357.5,430,141.5,,一般,,2026-07-12 09:37:52,2026-07-12 09:37:52
20260709,GUF,202612,-,-,-,-,-,-,0,334.5,3,334,357.5,456,156,,一般,,2026-07-12 09:37:52,2026-07-12 09:37:52
20260709,GUF,202703,-,-,-,-,-,-,0,331.5,2,334.5,-,446,314.5,,一般,,2026-07-12 09:37:52,2026-07-12 09:37:52
20260709,GVF,202607,28.3,28.3,27.95,27.95,-0.45,-1.58%,21,27.95,247,27.9,28.6,32.95,25,,一般,,2026-07-12 09:37:52,2026-07-12 09:37:52
20260709,GVF,202607/202608,0.12,0.12,0.12,0.12,-,-,11,-,-,0.03,0.12,0.13,0.12,,一般,3,2026-07-12 09:37:52,2026-07-12 09:37:52
20260709,GVF,202608,28.65,28.65,28.1,28.1,-0.2,-0.71%,15,28.1,48,27.9,28.75,31.75,28,,一般,,2026-07-12 09:37:52,2026-07-12 09:37:52
20260709,GVF,202609,-,-,-,-,-,-,0,28.1,3,-,-,32.5,27.6,,一般,,2026-07-12 09:37:52,2026-07-12 09:37:52
20260709,GVF,202612,-,-,-,-,-,-,0,28.05,0,-,-,40.35,25.15,,一般,,2026-07-12 09:37:52,2026-07-12 09:37:52
20260709,GVF,202703,-,-,-,-,-,-,0,28.15,0,-,-,-,-,,一般,,2026-07-12 09:37:52,2026-07-12 09:37:52
20260709,GWF,202607,185.5,187.5,180,183,-2.5,-1.35%,373,183,420,182.5,183,197.5,140.5,,一般,,2026-07-12 09:37:52,2026-07-12 09:37:52
20260709,GWF,202607/202608,0.87,0.87,0.79,0.79,-,-,2,-,-,0.31,0.8,1.29,0.49,,一般,8,2026-07-12 09:37:52,2026-07-12 09:37:52
20260709,GWF,202608,185,186,184.5,184.5,-1.5,-0.81%,12,184.5,43,183,184,195.5,165,,一般,,2026-07-12 09:37:52,2026-07-12 09:37:52
20260709,GWF,202609,-,-,-,-,-,-,0,182,0,176,189.5,-,-,,一般,,2026-07-12 09:37:52,2026-07-12 09:37:52
20260709,GWF,202612,-,-,-,-,-,-,0,183,0,176,-,-,-,,一般,,2026-07-12 09:37:52,2026-07-12 09:37:52
20260709,GWF,202703,-,-,-,-,-,-,0,182,0,176,-,-,-,,一般,,2026-07-12 09:37:52,2026-07-12 09:37:52
20260709,GXF,202607,193.5,197.5,193,195.5,-0.5,-0.26%,338,195.5,2459,195,196,268,185.5,,一般,,2026-07-12 09:37:52,2026-07-12 09:37:52
20260709,GXF,202607/202608,0.79,0.8,0.78,0.78,-,-,140,-,-,0.77,0.78,1.78,0.72,,一般,28,2026-07-12 09:37:52,2026-07-12 09:37:52
20260709,GXF,202608,195.5,198,195.5,196.5,0,0.00%,175,196.5,970,196,197,226,193,,一般,,2026-07-12 09:37:52,2026-07-12 09:37:52
20260709,GXF,202609,-,-,-,-,-,-,0,196.5,6,196.5,203,246,198,,一般,,2026-07-12 09:37:52,2026-07-12 09:37:52
20260709,GXF,202612,-,-,-,-,-,-,0,194,1,194.5,-,251,199,,一般,,2026-07-12 09:37:52,2026-07-12 09:37:52
20260709,GXF,202703,-,-,-,-,-,-,0,194,0,191.5,-,-,-,,一般,,2026-07-12 09:37:52,2026-07-12 09:37:52
20260709,GYF,202607,216.5,227,206.5,214.5,0.5,0.23%,3406,214.5,6292,214,215,240,132,,一般,,2026-07-12 09:37:52,2026-07-12 09:37:52
20260709,GYF,202607/202608,1.26,1.27,1.16,1.17,-,-,538,-,-,1.16,1.17,1.39,0.62,,一般,228,2026-07-12 09:37:52,2026-07-12 09:37:52
20260709,GYF,202608,221.5,228,208,216,1,0.47%,776,216,1455,215,216.5,245.5,161.5,,一般,,2026-07-12 09:37:52,2026-07-12 09:37:52
20260709,GYF,202609,-,-,-,-,-,-,0,215,8,206.5,223,231,77,,一般,,2026-07-12 09:37:52,2026-07-12 09:37:52
20260709,GYF,202612,-,-,-,-,-,-,0,218,4,216.5,-,235,87,,一般,,2026-07-12 09:37:52,2026-07-12 09:37:52
20260709,GYF,202703,-,-,-,-,-,-,0,212.5,2,206,224.5,229.5,192.5,,一般,,2026-07-12 09:37:52,2026-07-12 09:37:52
20260709,GZF,202607,51.7,52.3,49.75,49.85,-0.55,-1.09%,136,49.85,1345,49.6,51.9,79.6,49,,一般,,2026-07-12 09:37:52,2026-07-12 09:37:52
20260709,GZF,202607/202608,0.04,0.07,0.04,0.07,-,-,4,-,-,-0.2,0.07,0.21,-0.2,,一般,3,2026-07-12 09:37:52,2026-07-12 09:37:52
20260709,GZF,202608,51,51,50.7,50.7,0.8,1.60%,7,49.4,228,49.4,52,62.4,48.85,,一般,,2026-07-12 09:37:52,2026-07-12 09:37:52
20260709,GZF,202609,-,-,-,-,-,-,0,49.95,27,-,-,56.1,13.75,,一般,,2026-07-12 09:37:52,2026-07-12 09:37:52
20260709,GZF,202612,-,-,-,-,-,-,0,50.4,13,-,54.3,83.5,50.5,,一般,,2026-07-12 09:37:52,2026-07-12 09:37:52
20260709,GZF,202703,-,-,-,-,-,-,0,49.1,1,-,-,73.4,73.4,,一般,,2026-07-12 09:37:52,2026-07-12 09:37:52
20260709,HAF,202607,38.7,39.3,38.1,38.3,-0.25,-0.65%,322,38.3,2163,38.35,38.4,59,36.7,,一般,,2026-07-12 09:37:52,2026-07-12 09:37:52
20260709,HAF,202607/202608,0.44,0.44,0.12,0.12,-,-,124,-,-,0.04,0.12,0.44,0.1,,一般,11,2026-07-12 09:37:52,2026-07-12 09:37:52
20260709,HAF,202608,39.05,39.45,38.4,38.6,0.15,0.39%,135,38.6,504,38.35,38.55,52,38,,一般,,2026-07-12 09:37:52,2026-07-12 09:37:52
20260709,HAF,202609,-,-,-,-,-,-,0,38,99,36.75,41.5,53.7,14.7,,一般,,2026-07-12 09:37:52,2026-07-12 09:37:52
20260709,HAF,202612,-,-,-,-,-,-,0,37.9,15,36.75,-,47,32.75,,一般,,2026-07-12 09:37:52,2026-07-12 09:37:52
20260709,HAF,202703,-,-,-,-,-,-,0,38.25,0,-,-,45.9,45.9,,一般,,2026-07-12 09:37:52,2026-07-12 09:37:52
20260709,HBF,202607,485,503,461.5,462,-13.5,-2.84%,4795,462,3010,462,462.5,642,284.5,,一般,,2026-07-12 09:37:52,2026-07-12 09:37:52
20260709,HBF,202607/202608,1.51,1.51,1.16,1.51,-,-,181,-,-,1.31,1.51,3.3,1.16,,一般,352,2026-07-12 09:37:52,2026-07-12 09:37:52
20260709,HBF,202608,486,505,463.5,463.5,-13,-2.73%,573,463.5,719,463,464.5,642,454.5,,一般,,2026-07-12 09:37:52,2026-07-12 09:37:52
20260709,HBF,202609,-,-,-,-,-,-,0,465,7,463,473,631,134.5,,一般,,2026-07-12 09:37:52,2026-07-12 09:37:52
20260709,HBF,202612,-,-,-,-,-,-,0,462,5,462,482.5,561,123,,一般,,2026-07-12 09:37:52,2026-07-12 09:37:52
20260709,HBF,202703,-,-,-,-,-,-,0,462,1,462,487.5,631,191,,一般,,2026-07-12 09:37:52,2026-07-12 09:37:52
20260709,HCF,202607,45.5,45.7,44.5,45.1,0.4,0.89%,354,45.1,1350,45,45.25,53,41,,一般,,2026-07-12 09:37:52,2026-07-12 09:37:52
20260709,HCF,202607/202608,-0.03,0,-0.06,-0.06,-,-,106,-,-,-0.1,-0.06,0.51,-0.06,,一般,20,2026-07-12 09:37:52,2026-07-12 09:37:52
20260709,HCF,202608,45,45.65,44.7,45,0.1,0.22%,126,45,515,44.9,45.15,51.2,42.6,,一般,,2026-07-12 09:37:52,2026-07-12 09:37:52
20260709,HCF,202609,-,-,-,-,-,-,0,45.35,62,41.35,46.15,54.3,39,,一般,,2026-07-12 09:37:52,2026-07-12 09:37:52
20260709,HCF,202612,-,-,-,-,-,-,0,45.15,0,-,47.15,-,-,,一般,,2026-07-12 09:37:52,2026-07-12 09:37:52
20260709,HCF,202703,-,-,-,-,-,-,0,45.6,1,-,48.15,50.7,50,,一般,,2026-07-12 09:37:52,2026-07-12 09:37:52
20260709,HHF,202607,14,14,13.8,13.9,-0.35,-2.46%,102,13.9,375,13.85,13.9,15.1,12.1,,一般,,2026-07-12 09:37:52,2026-07-12 09:37:52
20260709,HHF,202607/202608,0.08,0.1,0.08,0.1,-,-,69,-,-,0.08,0.1,0.1,0.07,,一般,4,2026-07-12 09:37:52,2026-07-12 09:37:52
20260709,HHF,202608,13.95,14.05,13.85,14.05,-0.2,-1.40%,76,14.05,155,13.95,14,14.35,13,,一般,,2026-07-12 09:37:52,2026-07-12 09:37:52
20260709,HHF,202609,-,-,-,-,-,-,0,13.9,1,13.95,-,16.9,13.05,,一般,,2026-07-12 09:37:52,2026-07-12 09:37:52
20260709,HHF,202612,-,-,-,-,-,-,0,13.6,2,13.2,-,13.5,13.4,,一般,,2026-07-12 09:37:52,2026-07-12 09:37:52
20260709,HHF,202703,-,-,-,-,-,-,0,13.7,0,-,-,-,-,,一般,,2026-07-12 09:37:52,2026-07-12 09:37:52
20260709,HIF,202607,35,35.3,35,35.3,0.2,0.57%,12,35.3,251,34.9,35.45,38,31.55,,一般,,2026-07-12 09:37:52,2026-07-12 09:37:52
20260709,HIF,202607/202608,0.11,0.11,0.11,0.11,-,-,2,-,-,0.1,0.35,0.11,0.11,,一般,0,2026-07-12 09:37:52,2026-07-12 09:37:52
20260709,HIF,202608,35.2,-,-,35.2,0,0.00%,2,35.4,16,35.25,35.8,37.95,34,,一般,,2026-07-12 09:37:52,2026-07-12 09:37:52
20260709,HIF,202609,-,-,-,-,-,-,0,35.3,8,-,-,35.05,32.35,,一般,,2026-07-12 09:37:52,2026-07-12 09:37:52
20260709,HIF,202612,-,-,-,-,-,-,0,35.1,0,-,-,-,-,,一般,,2026-07-12 09:37:52,2026-07-12 09:37:52
20260709,HIF,202703,-,-,-,-,-,-,0,35.35,0,-,-,-,-,,一般,,2026-07-12 09:37:52,2026-07-12 09:37:52
20260709,HLF,202607,43.3,43.55,43.25,43.55,0.3,0.69%,40,43.55,556,43.45,43.6,47.65,41.75,,一般,,2026-07-12 09:37:52,2026-07-12 09:37:52
20260709,HLF,202607/202608,0.25,0.25,0.25,0.25,-,-,1,-,-,0.15,0.25,0.25,0.25,,一般,0,2026-07-12 09:37:52,2026-07-12 09:37:52
20260709,HLF,202608,43.5,-,-,43.5,0,0.00%,1,43.8,27,43.65,43.85,47.5,42.35,,一般,,2026-07-12 09:37:52,2026-07-12 09:37:52
20260709,HLF,202609,-,-,-,-,-,-,0,43.7,123,43.6,-,44.35,34.5,,一般,,2026-07-12 09:37:52,2026-07-12 09:37:52
20260709,HLF,202612,-,-,-,-,-,-,0,43.8,19,43.6,-,46.35,37.95,,一般,,2026-07-12 09:37:52,2026-07-12 09:37:52
20260709,HLF,202703,-,-,-,-,-,-,0,43.8,0,43.6,-,38,38,,一般,,2026-07-12 09:37:52,2026-07-12 09:37:52
20260709,HOF,202607,101,-,-,101,0,0.00%,10,102,170,101,103,124.5,100,,一般,,2026-07-12 09:37:52,2026-07-12 09:37:52
20260709,HOF,202607/202608,0.24,0.25,0.24,0.25,-,-,10,-,-,-0.49,0.21,0.51,0,,一般,0,2026-07-12 09:37:52,2026-07-12 09:37:52
20260709,HOF,202608,101,-,-,101,0,0.00%,10,102,73,101.5,103,108,102,,一般,,2026-07-12 09:37:52,2026-07-12 09:37:52
20260709,HOF,202609,-,-,-,-,-,-,0,101.5,35,101,106.5,122.5,122,,一般,,2026-07-12 09:37:52,2026-07-12 09:37:52
20260709,HOF,202612,-,-,-,-,-,-,0,101,0,-,-,-,-,,一般,,2026-07-12 09:37:52,2026-07-12 09:37:52
20260709,HOF,202703,-,-,-,-,-,-,0,102,0,-,-,-,-,,一般,,2026-07-12 09:37:52,2026-07-12 09:37:52
20260709,HQF,202607,30.55,30.8,30.3,30.7,-0.9,-2.85%,120,30.7,641,30.65,30.85,34.3,28.75,,一般,,2026-07-12 09:37:52,2026-07-12 09:37:52
20260709,HQF,202607/202608,0.18,0.18,0.12,0.13,-,-,18,-,-,0.12,0.15,0.18,-0.06,,一般,7,2026-07-12 09:37:52,2026-07-12 09:37:52
20260709,HQF,202608,30.7,30.8,30.5,30.8,-0.8,-2.53%,25,30.8,98,30.75,31,31.8,29.15,,一般,,2026-07-12 09:37:52,2026-07-12 09:37:52
20260709,HQF,202609,-,-,-,-,-,-,0,30.3,3,-,32.25,40.2,28.9,,一般,,2026-07-12 09:37:52,2026-07-12 09:37:52
20260709,HQF,202612,-,-,-,-,-,-,0,30.2,1,-,32.25,36.3,30.45,,一般,,2026-07-12 09:37:52,2026-07-12 09:37:52
20260709,HQF,202703,-,-,-,-,-,-,0,30.4,0,-,-,-,-,,一般,,2026-07-12 09:37:52,2026-07-12 09:37:52
20260709,HSF,202607,39.8,40,38.7,40,0.5,1.27%,2732,40,4673,39.9,40.05,46.2,35.3,,一般,,2026-07-12 09:37:52,2026-07-12 09:37:52
20260709,HSF,202607/202608,0.14,0.2,0.09,0.16,-,-,333,-,-,0.16,0.2,0.21,0.09,,一般,283,2026-07-12 09:37:52,2026-07-12 09:37:52
20260709,HSF,202608,40,40.05,38.85,40.05,0.4,1.01%,1039,40.05,945,40.05,40.25,46.2,38.85,,一般,,2026-07-12 09:37:52,2026-07-12 09:37:52
20260709,HSF,202609,-,-,-,-,-,-,0,40,0,36,-,-,-,,一般,,2026-07-12 09:37:52,2026-07-12 09:37:52
20260709,HSF,202612,-,-,-,-,-,-,0,39.95,0,-,-,-,-,,一般,,2026-07-12 09:37:52,2026-07-12 09:37:52
20260709,HSF,202703,-,-,-,-,-,-,0,40.25,0,-,-,-,-,,一般,,2026-07-12 09:37:52,2026-07-12 09:37:52
20260709,IAF,202607,18.15,18.15,18,18.05,-0.2,-1.10%,33,18.05,262,18.05,18.1,18.35,16.75,,一般,,2026-07-12 09:37:52,2026-07-12 09:37:52
20260709,IAF,202607/202608,0.06,0.06,0.06,0.06,-,-,1,-,-,0.05,0.19,0.06,0.06,,一般,8,2026-07-12 09:37:52,2026-07-12 09:37:52
20260709,IAF,202608,18.05,18.1,18.05,18.1,-0.1,-0.55%,10,18.1,10,18.1,18.15,18.1,17.8,,一般,,2026-07-12 09:37:52,2026-07-12 09:37:52
20260709,IAF,202609,-,-,-,-,-,-,0,17.95,283,-,-,18.1,15.05,,一般,,2026-07-12 09:37:52,2026-07-12 09:37:52
20260709,IAF,202612,-,-,-,-,-,-,0,18.1,43,-,-,18.3,15.2,,一般,,2026-07-12 09:37:52,2026-07-12 09:37:52
20260709,IAF,202703,-,-,-,-,-,-,0,18.2,0,-,-,18.2,16.65,,一般,,2026-07-12 09:37:52,2026-07-12 09:37:52
20260709,IHF,202607,11.8,12.2,11.7,11.85,0.75,6.76%,166,11.85,148,11.7,11.85,12.2,10.7,,一般,,2026-07-12 09:37:52,2026-07-12 09:37:52
20260709,IHF,202608,12.3,12.3,11.8,11.8,0.6,5.36%,35,11.8,49,11.8,11.95,12.3,10.8,,一般,,2026-07-12 09:37:52,2026-07-12 09:37:52
20260709,IHF,202609,-,-,-,-,-,-,0,11.85,1,-,-,11.6,11.6,,一般,,2026-07-12 09:37:52,2026-07-12 09:37:52
20260709,IHF,202612,-,-,-,-,-,-,0,11.9,8,-,-,14,11.9,,一般,,2026-07-12 09:37:52,2026-07-12 09:37:52
20260709,IHF,202703,-,-,-,-,-,-,0,11.75,0,-,-,-,-,,一般,,2026-07-12 09:37:52,2026-07-12 09:37:52
20260709,IIF,202607,221,238.5,220,238.5,21.5,9.91%,1993,238.5,2150,237.5,238.5,278.5,199.5,,一般,,2026-07-12 09:37:52,2026-07-12 09:37:52
20260709,IIF,202607/202608,0.71,0.79,0.7,0.77,-,-,193,-,-,0.77,0.78,0.88,0.65,,一般,113,2026-07-12 09:37:52,2026-07-12 09:37:52
20260709,IIF,202608,221,239.5,221,239,21,9.63%,347,239,291,238,239.5,268,205,,一般,,2026-07-12 09:37:52,2026-07-12 09:37:52
20260709,IIF,202609,-,-,-,-,-,-,0,238.5,22,230,-,270,96.2,,一般,,2026-07-12 09:37:52,2026-07-12 09:37:52
20260709,IIF,202612,-,-,-,-,-,-,0,235.5,4,230,-,246,133,,一般,,2026-07-12 09:37:52,2026-07-12 09:37:52
20260709,IIF,202703,-,-,-,-,-,-,0,235,0,230,-,268,201.5,,一般,,2026-07-12 09:37:52,2026-07-12 09:37:52
20260709,IJF,202607,4030,4130,3960,3965,0,0.00%,80,3985,568,3955,3985,5395,3505,,一般,,2026-07-12 09:37:52,2026-07-12 09:37:52
20260709,IJF,202607/202608,21.97,24.99,20.99,20.99,-,-,44,-,-,20.01,21.08,40.01,19.99,,一般,2,2026-07-12 09:37:52,2026-07-12 09:37:52
20260709,IJF,202608,3990,3990,3990,3990,5,0.13%,46,4010,125,3975,4010,5340,3905,,一般,,2026-07-12 09:37:52,2026-07-12 09:37:52
20260709,IJF,202609,-,-,-,-,-,-,0,4010,0,-,-,-,-,,一般,,2026-07-12 09:37:52,2026-07-12 09:37:52
20260709,IJF,202612,-,-,-,-,-,-,0,4015,0,-,-,-,-,,一般,,2026-07-12 09:37:52,2026-07-12 09:37:52
20260709,IJF,202703,-,-,-,-,-,-,0,4015,0,-,-,-,-,,一般,,2026-07-12 09:37:52,2026-07-12 09:37:52
20260709,IMF,202607,144.5,146.5,142.5,143,-1,-0.69%,334,143,2014,142.5,143.5,170.5,135.5,,一般,,2026-07-12 09:37:52,2026-07-12 09:37:52
20260709,IMF,202607/202608,0.01,0.01,-0.03,-0.03,-,-,159,-,-,-0.04,-0.03,0.44,-0.03,,一般,26,2026-07-12 09:37:52,2026-07-12 09:37:52
20260709,IMF,202608,144.5,146.5,142.5,142.5,-1.5,-1.04%,206,142.5,605,142.5,143.5,170.5,136.5,,一般,,2026-07-12 09:37:52,2026-07-12 09:37:52
20260709,IMF,202609,145,146,143,143,-1.5,-1.04%,10,143,32,143,144,168,135.5,,一般,,2026-07-12 09:37:52,2026-07-12 09:37:52
20260709,IMF,202612,-,-,-,-,-,-,0,145,6,-,-,162,125,,一般,,2026-07-12 09:37:52,2026-07-12 09:37:52
20260709,IMF,202703,-,-,-,-,-,-,0,146,5,-,-,159,121.5,,一般,,2026-07-12 09:37:52,2026-07-12 09:37:52
20260709,IOF,202607,550,552,529,537,-4,-0.74%,592,538,965,536,537,611,456,,一般,,2026-07-12 09:37:52,2026-07-12 09:37:52
20260709,IOF,202607/202608,1.33,1.37,0.8,1.37,-,-,7,-,-,0.82,1.37,8.01,0.8,,一般,8,2026-07-12 09:37:52,2026-07-12 09:37:52
20260709,IOF,202608,553,553,534,534,-6,-1.11%,20,537,62,536,539,582,514,,一般,,2026-07-12 09:37:52,2026-07-12 09:37:52
20260709,IOF,202609,-,-,-,-,-,-,0,535,1,525,548,430,421,,一般,,2026-07-12 09:37:52,2026-07-12 09:37:52
20260709,IOF,202612,-,-,-,-,-,-,0,541,0,523,559,-,-,,一般,,2026-07-12 09:37:52,2026-07-12 09:37:52
20260709,IOF,202703,-,-,-,-,-,-,0,545,0,521,569,-,-,,一般,,2026-07-12 09:37:52,2026-07-12 09:37:52
20260709,IPF,202607,219,221,213,214.5,-3,-1.38%,974,214.5,1323,214,215,246.5,170.5,,一般,,2026-07-12 09:37:52,2026-07-12 09:37:52
20260709,IPF,202607/202608,0.51,0.51,0.46,0.46,-,-,163,-,-,0.46,0.47,0.55,0.2,,一般,87,2026-07-12 09:37:52,2026-07-12 09:37:52
20260709,IPF,202608,220,221,214.5,215,-3,-1.38%,323,215,692,214.5,215.5,245,199,,一般,,2026-07-12 09:37:52,2026-07-12 09:37:52
20260709,IPF,202609,-,-,-,-,-,-,0,214.5,18,207,222.5,238,142,,一般,,2026-07-12 09:37:52,2026-07-12 09:37:52
20260709,IPF,202612,-,-,-,-,-,-,0,215,20,208,232,242,142,,一般,,2026-07-12 09:37:52,2026-07-12 09:37:52
20260709,IPF,202703,-,-,-,-,-,-,0,215.5,2,207,-,225,162.5,,一般,,2026-07-12 09:37:52,2026-07-12 09:37:52
20260709,IQF,202607,214,217,212.5,214,3,1.42%,348,214,2092,213.5,215,309,207.5,,一般,,2026-07-12 09:37:52,2026-07-12 09:37:52
20260709,IQF,202607/202608,0.4,0.48,0.4,0.48,-,-,119,-,-,0.47,0.48,0.51,-0.49,,一般,5,2026-07-12 09:37:52,2026-07-12 09:37:52
20260709,IQF,202608,215,215.5,213,213,1,0.47%,124,213,988,213.5,215.5,229.5,208,,一般,,2026-07-12 09:37:52,2026-07-12 09:37:52
20260709,IQF,202609,-,-,-,-,-,-,0,214.5,38,211.5,222.5,288,214.5,,一般,,2026-07-12 09:37:52,2026-07-12 09:37:52
20260709,IQF,202612,-,-,-,-,-,-,0,215,0,206.5,-,273,272.5,,一般,,2026-07-12 09:37:52,2026-07-12 09:37:52
20260709,IQF,202703,-,-,-,-,-,-,0,211.5,0,206.5,-,-,-,,一般,,2026-07-12 09:37:52,2026-07-12 09:37:52
20260709,IRF,202607,886,927,868,884,13,1.49%,4176,883,3022,880,884,1130,816,,一般,,2026-07-12 09:37:52,2026-07-12 09:37:52
20260709,IRF,202607/202608,4.41,7.01,4.41,5.66,-,-,604,-,-,5.65,5.66,9.01,3.52,,一般,304,2026-07-12 09:37:52,2026-07-12 09:37:52
20260709,IRF,202608,889,932,873,889,15,1.72%,1035,888,2081,886,890,1100,841,,一般,,2026-07-12 09:37:52,2026-07-12 09:37:52
20260709,IRF,202608/202609,0.03,0.03,0.03,0.03,-,-,1,-,-,0.03,9.99,0.03,0.03,,一般,0,2026-07-12 09:37:52,2026-07-12 09:37:52
20260709,IRF,202609,875,-,-,875,0,0.00%,1,887,31,886,902,1085,358.5,,一般,,2026-07-12 09:37:52,2026-07-12 09:37:52
20260709,IRF,202612,-,-,-,-,-,-,0,887,10,886,932,970,365,,一般,,2026-07-12 09:37:52,2026-07-12 09:37:52
20260709,IRF,202703,-,-,-,-,-,-,0,886,2,885,952,1085,910,,一般,,2026-07-12 09:37:52,2026-07-12 09:37:52
20260709,ITF,202607,209.5,210.5,200,200,-7,-3.38%,1844,200,3310,200,200.5,258.5,163,,一般,,2026-07-12 09:37:52,2026-07-12 09:37:52
20260709,ITF,202607/202608,0.85,1.15,0.85,0.99,-,-,169,-,-,0.89,0.9,1.49,0.85,,一般,161,2026-07-12 09:37:52,2026-07-12 09:37:52
20260709,ITF,202608,208,209.5,201,201,-5,-2.43%,353,201,1018,201,201.5,257,182,,一般,,2026-07-12 09:37:52,2026-07-12 09:37:52
20260709,ITF,202609,-,-,-,-,-,-,0,199,4,200,209.5,244.5,204.5,,一般,,2026-07-12 09:37:52,2026-07-12 09:37:52
20260709,ITF,202612,-,-,-,-,-,-,0,200,0,193,-,-,-,,一般,,2026-07-12 09:37:52,2026-07-12 09:37:52
20260709,ITF,202703,-,-,-,-,-,-,0,199,0,193,-,-,-,,一般,,2026-07-12 09:37:52,2026-07-12 09:37:52
20260709,IX1,202609,-,-,-,-,-,-,0,814,11,-,-,745,135.5,,一般,,2026-07-12 09:37:52,2026-07-12 09:37:52
20260709,IXF,202607,756,827,756,792,39,5.18%,2062,791,4087,791,792,944,558,,一般,,2026-07-12 09:37:52,2026-07-12 09:37:52
20260709,IXF,202607/202608,3.66,6.88,3.55,4.1,-,-,257,-,-,4.11,4.12,6.88,2.99,,一般,136,2026-07-12 09:37:52,2026-07-12 09:37:52
20260709,IXF,202608,769,832,769,795,35,4.61%,415,795,792,795,797,936,693,,一般,,2026-07-12 09:37:52,2026-07-12 09:37:52
20260709,IXF,202609,-,-,-,-,-,-,0,800,27,793,815,899,235.5,,一般,,2026-07-12 09:37:52,2026-07-12 09:37:52
20260709,IXF,202612,-,-,-,-,-,-,0,804,14,793,832,837,229,,一般,,2026-07-12 09:37:52,2026-07-12 09:37:52
20260709,IXF,202703,-,-,-,-,-,-,0,802,1,793,-,728,728,,一般,,2026-07-12 09:37:52,2026-07-12 09:37:52
20260709,IYF,202607,198,198,193,194.5,-2,-1.02%,232,194.5,2089,194,195,249.5,190.5,,一般,,2026-07-12 09:37:52,2026-07-12 09:37:52
20260709,IYF,202607/202608,0.99,1.01,0.65,0.95,-,-,96,-,-,0.65,1.01,1.1,0.51,,一般,8,2026-07-12 09:37:52,2026-07-12 09:37:52
20260709,IYF,202608,196.5,196.5,194,195,-1.5,-0.76%,105,195,148,194.5,196.5,211.5,194,,一般,,2026-07-12 09:37:52,2026-07-12 09:37:52
20260709,IYF,202609,-,-,-,-,-,-,0,195.5,23,195.5,197,229,191.5,,一般,,2026-07-12 09:37:52,2026-07-12 09:37:52
20260709,IYF,202612,-,-,-,-,-,-,0,198.5,14,197,199,238.5,199,,一般,,2026-07-12 09:37:52,2026-07-12 09:37:52
20260709,IYF,202703,199.5,201.5,199.5,199.5,-2,-0.99%,8,199.5,3,199,200.5,213,197,,一般,,2026-07-12 09:37:52,2026-07-12 09:37:52
20260709,IZF,202607,34.8,36,33.5,33.5,-0.75,-2.19%,156,33.5,307,33.35,33.75,40.15,31.35,,一般,,2026-07-12 09:37:52,2026-07-12 09:37:52
20260709,IZF,202607/202608,0.3,0.32,0.27,0.27,-,-,87,-,-,0.22,0.27,0.34,0.25,,一般,19,2026-07-12 09:37:52,2026-07-12 09:37:52
20260709,IZF,202608,35.4,35.4,34.65,34.65,0.6,1.76%,110,33.8,156,33.55,34.05,35.95,31.8,,一般,,2026-07-12 09:37:52,2026-07-12 09:37:52
20260709,IZF,202609,-,-,-,-,-,-,0,33.35,0,-,-,-,-,,一般,,2026-07-12 09:37:52,2026-07-12 09:37:52
20260709,IZF,202612,-,-,-,-,-,-,0,33.25,0,-,-,-,-,,一般,,2026-07-12 09:37:52,2026-07-12 09:37:52
20260709,IZF,202703,-,-,-,-,-,-,0,33.3,0,-,-,-,-,,一般,,2026-07-12 09:37:52,2026-07-12 09:37:52
20260709,JBF,202607,4415,4575,4240,4335,-130,-2.91%,481,4325,553,4300,4370,5420,3930,,一般,,2026-07-12 09:37:52,2026-07-12 09:37:52
20260709,JBF,202607/202608,24.45,30,20,29.85,-,-,221,-,-,21,29.85,30,20,,一般,3,2026-07-12 09:37:52,2026-07-12 09:37:52
20260709,JBF,202608,4380,4380,4355,4355,-125,-2.79%,224,4355,419,4320,4400,5380,4355,,一般,,2026-07-12 09:37:52,2026-07-12 09:37:52
20260709,JBF,202609,-,-,-,-,-,-,0,4345,10,-,-,5365,1895,,一般,,2026-07-12 09:37:52,2026-07-12 09:37:52
20260709,JBF,202612,-,-,-,-,-,-,0,4330,0,-,-,-,-,,一般,,2026-07-12 09:37:52,2026-07-12 09:37:52
20260709,JBF,202703,-,-,-,-,-,-,0,4315,0,-,-,-,-,,一般,,2026-07-12 09:37:52,2026-07-12 09:37:52
20260709,JFF,202607,1958,1958,1958,1958,-52,-2.59%,1,1958,54,1880,1966,2760,1958,,一般,,2026-07-12 09:37:52,2026-07-12 09:37:52
20260709,JFF,202608,1960,1960,1960,1960,-10,-0.51%,1,1960,10,1876,1976,1960,1960,,一般,,2026-07-12 09:37:52,2026-07-12 09:37:52
20260709,JFF,202609,-,-,-,-,-,-,0,1958,0,-,-,-,-,,一般,,2026-07-12 09:37:52,2026-07-12 09:37:52
20260709,JFF,202612,-,-,-,-,-,-,0,1963,0,-,-,-,-,,一般,,2026-07-12 09:37:52,2026-07-12 09:37:52
20260709,JFF,202703,-,-,-,-,-,-,0,1963,0,-,-,-,-,,一般,,2026-07-12 09:37:52,2026-07-12 09:37:52
20260709,JMF,202607,3160,3285,3160,3265,40,1.24%,16,3210,155,3170,3260,4255,3140,,一般,,2026-07-12 09:37:52,2026-07-12 09:37:52
20260709,JMF,202607/202608,25.01,25.87,20.4,20.4,-,-,11,-,-,20.05,25.01,29.99,20,,一般,0,2026-07-12 09:37:52,2026-07-12 09:37:52
20260709,JMF,202608,3240,-,-,3240,0,0.00%,11,3240,24,3200,3290,4000,3850,,一般,,2026-07-12 09:37:52,2026-07-12 09:37:52
20260709,JMF,202609,-,-,-,-,-,-,0,3230,0,-,-,-,-,,一般,,2026-07-12 09:37:52,2026-07-12 09:37:52
20260709,JMF,202612,-,-,-,-,-,-,0,3210,0,-,-,-,-,,一般,,2026-07-12 09:37:52,2026-07-12 09:37:52
20260709,JMF,202703,-,-,-,-,-,-,0,3240,0,-,-,-,-,,一般,,2026-07-12 09:37:52,2026-07-12 09:37:52
20260709,JNF,202607,79.5,79.5,76.3,77.6,0.2,0.26%,383,77.6,1201,77.5,77.7,100,74.3,,一般,,2026-07-12 09:37:52,2026-07-12 09:37:52
20260709,JNF,202607/202608,0.51,0.51,0.5,0.5,-,-,72,-,-,0.49,0.51,0.51,0.39,,一般,14,2026-07-12 09:37:52,2026-07-12 09:37:52
20260709,JNF,202608,80.1,80.1,76.7,78.7,0.1,0.13%,91,78.1,144,77.9,78.3,92.5,76,,一般,,2026-07-12 09:37:52,2026-07-12 09:37:52
20260709,JNF,202609,-,-,-,-,-,-,0,77.4,1,75,81.6,88.3,66.6,,一般,,2026-07-12 09:37:52,2026-07-12 09:37:52
20260709,JNF,202612,-,-,-,-,-,-,0,77.6,4,75.1,-,72,60,,一般,,2026-07-12 09:37:52,2026-07-12 09:37:52
20260709,JNF,202703,-,-,-,-,-,-,0,77.6,0,75,-,76.2,76.2,,一般,,2026-07-12 09:37:52,2026-07-12 09:37:52
20260709,JPF,202607,107,109,107,107,0.5,0.47%,280,107,1950,106.5,107.5,127,104,,一般,,2026-07-12 09:37:52,2026-07-12 09:37:52
20260709,JPF,202607/202608,0.4,0.59,0.4,0.59,-,-,73,-,-,0.41,0.59,0.69,-0.6,,一般,1,2026-07-12 09:37:52,2026-07-12 09:37:52
20260709,JPF,202608,108.5,109.5,108.5,109.5,4,3.79%,76,107.5,529,106.5,108.5,112.5,104.5,,一般,,2026-07-12 09:37:52,2026-07-12 09:37:52
20260709,JPF,202609,-,-,-,-,-,-,0,106,5,109,-,125,58.5,,一般,,2026-07-12 09:37:52,2026-07-12 09:37:52
20260709,JPF,202612,-,-,-,-,-,-,0,107,1,103,-,126,126,,一般,,2026-07-12 09:37:52,2026-07-12 09:37:52
20260709,JPF,202703,-,-,-,-,-,-,0,106,0,-,-,-,-,,一般,,2026-07-12 09:37:52,2026-07-12 09:37:52
20260709,JSF,202607,84.5,84.5,82.9,83.2,-0.4,-0.48%,91,83.2,572,83.4,84.3,104,80.1,,一般,,2026-07-12 09:37:52,2026-07-12 09:37:52
20260709,JSF,202607/202608,0.41,0.44,0.41,0.44,-,-,9,-,-,0.44,0.79,0.61,0.33,,一般,2,2026-07-12 09:37:52,2026-07-12 09:37:52
20260709,JSF,202608,84.7,84.7,83.7,83.7,-1.1,-1.30%,11,83.7,71,84.2,84.7,88.9,80.8,,一般,,2026-07-12 09:37:52,2026-07-12 09:37:52
20260709,JSF,202609,-,-,-,-,-,-,0,83.4,11,80.3,-,97,70,,一般,,2026-07-12 09:37:52,2026-07-12 09:37:52
20260709,JSF,202612,-,-,-,-,-,-,0,83.4,2,80.3,90,89.1,87.7,,一般,,2026-07-12 09:37:52,2026-07-12 09:37:52
20260709,JSF,202703,-,-,-,-,-,-,0,82.7,0,80.3,-,-,-,,一般,,2026-07-12 09:37:52,2026-07-12 09:37:52
20260709,JW1,202609,-,-,-,-,-,-,0,81,37,-,-,87.5,74.9,,一般,,2026-07-12 09:37:52,2026-07-12 09:37:52
20260709,JWF,202607,-,-,-,-,-,-,0,79.2,70,78.5,79.8,87.5,74.3,,一般,,2026-07-12 09:37:52,2026-07-12 09:37:52
20260709,JWF,202608,-,-,-,-,-,-,0,79.7,62,78.5,80.2,86.2,78.1,,一般,,2026-07-12 09:37:52,2026-07-12 09:37:52
20260709,JWF,202609,-,-,-,-,-,-,0,80.1,88,78.5,-,82.5,76.8,,一般,,2026-07-12 09:37:52,2026-07-12 09:37:52
20260709,JWF,202612,-,-,-,-,-,-,0,79.7,60,78.5,-,83,77.2,,一般,,2026-07-12 09:37:52,2026-07-12 09:37:52
20260709,JWF,202703,-,-,-,-,-,-,0,80.2,5,79,-,83,83,,一般,,2026-07-12 09:37:52,2026-07-12 09:37:52
20260709,JXF,202607,36.55,36.55,36,36,-0.55,-1.50%,27,36.8,199,36.05,37.5,45.9,36,,一般,,2026-07-12 09:37:52,2026-07-12 09:37:52
20260709,JXF,202607/202608,0.22,0.22,0.01,0.01,-,-,11,-,-,0.01,0.22,0.25,0.01,,一般,1,2026-07-12 09:37:52,2026-07-12 09:37:52
20260709,JXF,202608,36.55,36.55,36.55,36.55,-0.05,-0.14%,12,36.8,175,36.05,37.5,39.85,36.55,,一般,,2026-07-12 09:37:52,2026-07-12 09:37:52
20260709,JXF,202609,-,-,-,-,-,-,0,37,0,-,-,-,-,,一般,,2026-07-12 09:37:52,2026-07-12 09:37:52
20260709,JXF,202612,-,-,-,-,-,-,0,37,0,-,-,-,-,,一般,,2026-07-12 09:37:52,2026-07-12 09:37:52
20260709,JXF,202703,-,-,-,-,-,-,0,36.95,0,-,-,-,-,,一般,,2026-07-12 09:37:52,2026-07-12 09:37:52
20260709,JZF,202607,20.1,20.25,19.85,19.85,-0.35,-1.73%,97,19.85,1001,19.05,19.9,26.95,17.5,,一般,,2026-07-12 09:37:52,2026-07-12 09:37:52
20260709,JZF,202607/202608,0.16,0.16,0.14,0.14,-,-,45,-,-,0.11,0.14,0.16,0.06,,一般,1,2026-07-12 09:37:52,2026-07-12 09:37:52
20260709,JZF,202608,20.35,20.35,20.35,20.35,0.2,0.99%,46,19.8,78,19.15,20.05,26,19.5,,一般,,2026-07-12 09:37:52,2026-07-12 09:37:52
20260709,JZF,202609,-,-,-,-,-,-,0,19.85,2,20,-,24.35,20.1,,一般,,2026-07-12 09:37:52,2026-07-12 09:37:52
20260709,JZF,202612,-,-,-,-,-,-,0,19.9,2,-,-,20,18.8,,一般,,2026-07-12 09:37:52,2026-07-12 09:37:52
20260709,JZF,202703,-,-,-,-,-,-,0,19.9,0,-,-,22.3,22.3,,一般,,2026-07-12 09:37:52,2026-07-12 09:37:52
20260709,KAF,202607,91.1,92.2,90.1,91.3,0.7,0.77%,526,91.3,457,91,91.4,109,86,,一般,,2026-07-12 09:37:52,2026-07-12 09:37:52
20260709,KAF,202607/202608,-0.1,-0.1,-1.23,-0.83,-,-,253,-,-,-0.83,-0.82,0.7,-1.23,,一般,190,2026-07-12 09:37:52,2026-07-12 09:37:52
20260709,KAF,202608,91.6,91.6,89.9,90.2,-0.2,-0.22%,456,90.2,440,90.2,90.6,92.2,87.4,,一般,,2026-07-12 09:37:52,2026-07-12 09:37:52
20260709,KAF,202609,-,-,-,-,-,-,0,91.3,19,89.7,-,116.5,88.2,,一般,,2026-07-12 09:37:52,2026-07-12 09:37:52
20260709,KAF,202612,-,-,-,-,-,-,0,91.5,9,-,-,109,92.2,,一般,,2026-07-12 09:37:52,2026-07-12 09:37:52
20260709,KAF,202703,-,-,-,-,-,-,0,92,10,-,-,-,-,,一般,,2026-07-12 09:37:52,2026-07-12 09:37:52
20260709,KBF,202607,398,406,382,387,-8.5,-2.15%,2565,387,2928,386.5,387.5,425.5,234,,一般,,2026-07-12 09:37:52,2026-07-12 09:37:52
20260709,KBF,202607/202608,2.16,2.5,1.99,2.1,-,-,477,-,-,2.1,2.11,2.51,1.01,,一般,199,2026-07-12 09:37:52,2026-07-12 09:37:52
20260709,KBF,202608,399.5,407.5,385,389,-9.5,-2.38%,711,389,1008,389,390,423.5,287,,一般,,2026-07-12 09:37:52,2026-07-12 09:37:52
20260709,KBF,202609,-,-,-,-,-,-,0,387,42,373,401,408.5,104.5,,一般,,2026-07-12 09:37:52,2026-07-12 09:37:52
20260709,KBF,202612,-,-,-,-,-,-,0,384,10,373,403.5,390.5,114.5,,一般,,2026-07-12 09:37:52,2026-07-12 09:37:52
20260709,KBF,202703,-,-,-,-,-,-,0,384.5,0,373,-,-,-,,一般,,2026-07-12 09:37:52,2026-07-12 09:37:52
20260709,KCF,202607,319,333,317.5,322,3,0.94%,2065,321.5,4412,320.5,321.5,395,249.5,,一般,,2026-07-12 09:37:52,2026-07-12 09:37:52
20260709,KCF,202607/202608,1.5,1.99,1.31,1.38,-,-,485,-,-,1.31,1.48,2.26,0.85,,一般,141,2026-07-12 09:37:52,2026-07-12 09:37:52
20260709,KCF,202608,320,334,320,323,3,0.94%,650,323,1182,321.5,323,384.5,307,,一般,,2026-07-12 09:37:52,2026-07-12 09:37:52
20260709,KCF,202609,-,-,-,-,-,-,0,321,8,-,335,382.5,174,,一般,,2026-07-12 09:37:52,2026-07-12 09:37:52
20260709,KCF,202612,-,-,-,-,-,-,0,328.5,8,-,335,380,200.5,,一般,,2026-07-12 09:37:52,2026-07-12 09:37:52
20260709,KCF,202703,-,-,-,-,-,-,0,331,1,-,-,340.5,340.5,,一般,,2026-07-12 09:37:52,2026-07-12 09:37:52
20260709,KDF,202607,257.5,268.5,250.5,251,-6.5,-2.52%,1185,251,1744,250.5,252,305,194,,一般,,2026-07-12 09:37:52,2026-07-12 09:37:52
20260709,KDF,202607/202608,1.31,1.31,1,1,-,-,59,-,-,0.53,1.2,1.95,0.54,,一般,68,2026-07-12 09:37:52,2026-07-12 09:37:52
20260709,KDF,202608,265.5,269.5,252,252,-6,-2.33%,135,252,212,251,253.5,305,227,,一般,,2026-07-12 09:37:52,2026-07-12 09:37:52
20260709,KDF,202609,-,-,-,-,-,-,0,251.5,2,251,261,223.5,154,,一般,,2026-07-12 09:37:52,2026-07-12 09:37:52
20260709,KDF,202612,-,-,-,-,-,-,0,250.5,0,242,-,190,160,,一般,,2026-07-12 09:37:52,2026-07-12 09:37:52
20260709,KDF,202703,-,-,-,-,-,-,0,250.5,0,242,-,-,-,,一般,,2026-07-12 09:37:52,2026-07-12 09:37:52
20260709,KEF,202607,196,212,196,200,5.5,2.83%,674,200,1071,200,202,258,186,,一般,,2026-07-12 09:37:52,2026-07-12 09:37:52
20260709,KEF,202607/202608,1.13,1.13,1.01,1.1,-,-,94,-,-,1.09,1.1,1.2,0.49,,一般,41,2026-07-12 09:37:52,2026-07-12 09:37:52
20260709,KEF,202608,201,212.5,200.5,200.5,5,2.56%,161,200.5,224,201,203.5,222,195,,一般,,2026-07-12 09:37:52,2026-07-12 09:37:52
20260709,KEF,202609,-,-,-,-,-,-,0,200,18,201,209,244,143.5,,一般,,2026-07-12 09:37:52,2026-07-12 09:37:52
20260709,KEF,202612,-,-,-,-,-,-,0,199.5,6,193,-,205,143,,一般,,2026-07-12 09:37:52,2026-07-12 09:37:52
20260709,KEF,202703,-,-,-,-,-,-,0,200,0,193,-,-,-,,一般,,2026-07-12 09:37:52,2026-07-12 09:37:52
20260709,KFF,202607,58.6,60.1,57.5,57.8,-0.3,-0.52%,2006,57.8,3642,57.7,57.9,71.6,52.9,,一般,,2026-07-12 09:37:52,2026-07-12 09:37:52
20260709,KFF,202607/202608,0.11,0.11,0,0.09,-,-,171,-,-,0.05,0.09,0.11,-0.2,,一般,300,2026-07-12 09:37:52,2026-07-12 09:37:52
20260709,KFF,202608,58.6,60.1,57.6,57.6,-0.5,-0.86%,597,57.6,2318,57.7,58,65.1,53,,一般,,2026-07-12 09:37:52,2026-07-12 09:37:52
20260709,KFF,202609,-,-,-,-,-,-,0,57.9,35,-,-,64.6,41.4,,一般,,2026-07-12 09:37:52,2026-07-12 09:37:52
20260709,KFF,202612,-,-,-,-,-,-,0,58.1,7,55.9,-,63.8,53.4,,一般,,2026-07-12 09:37:52,2026-07-12 09:37:52
20260709,KFF,202703,-,-,-,-,-,-,0,57.6,2,-,-,55.8,53,,一般,,2026-07-12 09:37:52,2026-07-12 09:37:52
20260709,KGF,202607,276.5,277,259.5,262.5,10.5,4.17%,1770,262.5,672,262,263,334,232,,一般,,2026-07-12 09:37:52,2026-07-12 09:37:52
20260709,KGF,202607/202608,0.78,3,0.78,2.01,-,-,147,-,-,1.52,1.99,3,0.6,,一般,103,2026-07-12 09:37:52,2026-07-12 09:37:52
20260709,KGF,202608,276,279,261.5,263,8.5,3.34%,327,263,318,263.5,265,279,234,,一般,,2026-07-12 09:37:52,2026-07-12 09:37:52
20260709,KGF,202609,-,-,-,-,-,-,0,264,10,260.5,270.5,300,119,,一般,,2026-07-12 09:37:52,2026-07-12 09:37:52
20260709,KGF,202612,-,-,-,-,-,-,0,263.5,9,253,274,292,168,,一般,,2026-07-12 09:37:52,2026-07-12 09:37:52
20260709,KGF,202703,-,-,-,-,-,-,0,263.5,1,253,-,256.5,218.5,,一般,,2026-07-12 09:37:52,2026-07-12 09:37:52
20260709,KIF,202607,141.5,155,141.5,155,14,9.93%,803,155,859,155,-,170.5,127,,一般,,2026-07-12 09:37:52,2026-07-12 09:37:52
20260709,KIF,202607/202608,0.01,1.61,-0.26,0.61,-,-,166,-,-,0.61,1,1.61,-0.26,,一般,170,2026-07-12 09:37:52,2026-07-12 09:37:52
20260709,KIF,202608,143.5,155,143.5,155,14,9.93%,369,155,475,155,-,160,136.5,,一般,,2026-07-12 09:37:52,2026-07-12 09:37:52
20260709,KIF,202609,143.5,143.5,142.5,142.5,2,1.42%,2,154.5,4,154.5,-,166,68.2,,一般,,2026-07-12 09:37:52,2026-07-12 09:37:52
20260709,KIF,202612,-,-,-,-,-,-,0,155,2,155,-,166.5,115.5,,一般,,2026-07-12 09:37:52,2026-07-12 09:37:52
20260709,KIF,202703,-,-,-,-,-,-,0,155.5,6,155.5,-,161.5,137,,一般,,2026-07-12 09:37:52,2026-07-12 09:37:52
20260709,KKF,202607,38.2,38.2,37.45,37.65,-0.9,-2.33%,23,36.75,147,35.55,37.95,49.15,36,,一般,,2026-07-12 09:37:52,2026-07-12 09:37:52
20260709,KKF,202608,-,-,-,-,-,-,0,37,13,35.55,38.15,45,39.05,,一般,,2026-07-12 09:37:52,2026-07-12 09:37:52
20260709,KKF,202609,-,-,-,-,-,-,0,36.65,1,-,-,44.25,34.25,,一般,,2026-07-12 09:37:52,2026-07-12 09:37:52
20260709,KKF,202612,-,-,-,-,-,-,0,36.65,0,-,-,-,-,,一般,,2026-07-12 09:37:52,2026-07-12 09:37:52
20260709,KKF,202703,-,-,-,-,-,-,0,36.75,0,-,-,-,-,,一般,,2026-07-12 09:37:52,2026-07-12 09:37:52
20260709,KLF,202607,24.5,24.5,24.35,24.5,0,0.00%,44,24.5,974,24.35,24.5,27.15,23.5,,一般,,2026-07-12 09:37:52,2026-07-12 09:37:52
20260709,KLF,202607/202608,0.13,0.13,0.13,0.13,-,-,1,-,-,0.09,0.14,0.16,0.02,,一般,0,2026-07-12 09:37:52,2026-07-12 09:37:52
20260709,KLF,202608,24.6,-,-,24.6,0,0.00%,1,24.6,82,24.4,24.65,26.9,24.1,,一般,,2026-07-12 09:37:52,2026-07-12 09:37:52
20260709,KLF,202609,-,-,-,-,-,-,0,24.55,0,-,-,-,-,,一般,,2026-07-12 09:37:52,2026-07-12 09:37:52
20260709,KLF,202612,-,-,-,-,-,-,0,24.45,1,-,-,31.8,31.8,,一般,,2026-07-12 09:37:52,2026-07-12 09:37:52
20260709,KLF,202703,-,-,-,-,-,-,0,24.4,0,23.05,-,-,-,,一般,,2026-07-12 09:37:52,2026-07-12 09:37:52
20260709,KOF,202607,122,123,122,123,-0.5,-0.40%,16,123,149,122,126.5,136,117,,一般,,2026-07-12 09:37:52,2026-07-12 09:37:52
20260709,KOF,202607/202608,0.77,0.77,0.77,0.77,-,-,9,-,-,0.77,0.95,1.01,0.77,,一般,2,2026-07-12 09:37:52,2026-07-12 09:37:52
20260709,KOF,202608,123,123,123,123,0,0.00%,11,123,43,123,127.5,130.5,123,,一般,,2026-07-12 09:37:52,2026-07-12 09:37:52
20260709,KOF,202609,-,-,-,-,-,-,0,123,5,123,-,117.5,117.5,,一般,,2026-07-12 09:37:52,2026-07-12 09:37:52
20260709,KOF,202612,-,-,-,-,-,-,0,123,21,118,-,127,115,,一般,,2026-07-12 09:37:52,2026-07-12 09:37:52
20260709,KOF,202703,-,-,-,-,-,-,0,123,0,118,-,-,-,,一般,,2026-07-12 09:37:52,2026-07-12 09:37:52
20260709,KPF,202607,26,26,25.85,26,0.4,1.56%,16,26,613,25.9,26,28.35,23.35,,一般,,2026-07-12 09:37:52,2026-07-12 09:37:52
20260709,KPF,202607/202608,0.16,0.16,0.11,0.12,-,-,11,-,-,0.05,0.12,0.16,0.11,,一般,1,2026-07-12 09:37:52,2026-07-12 09:37:52
20260709,KPF,202608,26,26.15,26,26.15,0.15,0.58%,13,26.15,47,25.95,26.15,28.35,25.85,,一般,,2026-07-12 09:37:52,2026-07-12 09:37:52
20260709,KPF,202609,-,-,-,-,-,-,0,26,55,-,-,31.15,23.75,,一般,,2026-07-12 09:37:52,2026-07-12 09:37:52
20260709,KPF,202612,-,-,-,-,-,-,0,26.35,249,-,-,30.4,24.35,,一般,,2026-07-12 09:37:52,2026-07-12 09:37:52
20260709,KPF,202703,-,-,-,-,-,-,0,26.7,138,-,-,28,24.25,,一般,,2026-07-12 09:37:52,2026-07-12 09:37:52
20260709,KSF,202607,226.5,227.5,221.5,222.5,-0.5,-0.22%,14,222.5,118,221.5,222.5,234.5,210,,一般,,2026-07-12 09:37:52,2026-07-12 09:37:52
20260709,KSF,202607/202608,1.5,1.5,1.5,1.5,-,-,1,-,-,1.01,1.4,1.77,1.5,,一般,0,2026-07-12 09:37:52,2026-07-12 09:37:52
20260709,KSF,202608,224.5,-,-,224.5,0,0.00%,1,222.5,16,222.5,224,236,214,,一般,,2026-07-12 09:37:52,2026-07-12 09:37:52
20260709,KSF,202609,-,-,-,-,-,-,0,222.5,0,214,230.5,-,-,,一般,,2026-07-12 09:37:52,2026-07-12 09:37:52
20260709,KSF,202612,-,-,-,-,-,-,0,224.5,0,214,-,-,-,,一般,,2026-07-12 09:37:52,2026-07-12 09:37:52
20260709,KSF,202703,-,-,-,-,-,-,0,223.5,0,214,-,-,-,,一般,,2026-07-12 09:37:52,2026-07-12 09:37:52
20260709,KUF,202607,67.1,67.6,64.6,64.8,-1.3,-1.97%,2653,64.8,12583,64.8,64.9,81.8,56,,一般,,2026-07-12 09:37:52,2026-07-12 09:37:52
20260709,KUF,202607/202608,0.01,0.01,-0.05,-0.03,-,-,724,-,-,-0.04,-0.03,0.21,-0.15,,一般,153,2026-07-12 09:37:52,2026-07-12 09:37:52
20260709,KUF,202608,67,67.5,64.6,64.8,-1.1,-1.67%,917,64.8,2240,64.7,64.9,78.7,63,,一般,,2026-07-12 09:37:52,2026-07-12 09:37:52
20260709,KUF,202609,-,-,-,-,-,-,0,64.7,106,63.1,-,81.1,32,,一般,,2026-07-12 09:37:52,2026-07-12 09:37:52
20260709,KUF,202612,-,-,-,-,-,-,0,65.8,31,-,-,76,53.1,,一般,,2026-07-12 09:37:52,2026-07-12 09:37:52
20260709,KUF,202703,-,-,-,-,-,-,0,65.7,2,-,-,70.8,68,,一般,,2026-07-12 09:37:52,2026-07-12 09:37:52
20260709,KWF,202607,49.3,49.6,48.3,48.3,-0.9,-1.83%,167,48.3,873,46.75,48.3,68,46.9,,一般,,2026-07-12 09:37:52,2026-07-12 09:37:52
20260709,KWF,202607/202608,0.01,0.01,-0.1,-0.1,-,-,79,-,-,-0.11,-0.1,0.41,-0.24,,一般,21,2026-07-12 09:37:52,2026-07-12 09:37:52
20260709,KWF,202608,49.6,49.6,48.3,48.3,-0.8,-1.63%,102,48.3,296,46.65,48.2,53.7,48.1,,一般,,2026-07-12 09:37:52,2026-07-12 09:37:52
20260709,KWF,202609,-,-,-,-,-,-,0,48.3,14,-,-,57,47.15,,一般,,2026-07-12 09:37:52,2026-07-12 09:37:52
20260709,KWF,202612,-,-,-,-,-,-,0,48.5,1,-,-,50,50,,一般,,2026-07-12 09:37:52,2026-07-12 09:37:52
20260709,KWF,202703,-,-,-,-,-,-,0,48.2,1,49.4,-,55.1,55.1,,一般,,2026-07-12 09:37:52,2026-07-12 09:37:52
20260709,LBF,202607,470,470,448.5,454.5,-9.5,-2.05%,121,454.5,352,450.5,454.5,607,448.5,,一般,,2026-07-12 09:37:52,2026-07-12 09:37:52
20260709,LBF,202607/202608,2.64,2.64,1.05,1.1,-,-,6,-,-,1.1,2.5,3.12,1.05,,一般,25,2026-07-12 09:37:52,2026-07-12 09:37:52
20260709,LBF,202608,473,473,453.5,453.5,-11.5,-2.47%,31,453.5,44,451.5,457,597,453.5,,一般,,2026-07-12 09:37:52,2026-07-12 09:37:52
20260709,LBF,202609,-,-,-,-,-,-,0,452.5,1,435,470,550,529,,一般,,2026-07-12 09:37:52,2026-07-12 09:37:52
20260709,LBF,202612,-,-,-,-,-,-,0,452.5,0,435,-,529,529,,一般,,2026-07-12 09:37:52,2026-07-12 09:37:52
20260709,LBF,202703,-,-,-,-,-,-,0,453.5,0,435,-,-,-,,一般,,2026-07-12 09:37:52,2026-07-12 09:37:52
20260709,LCF,202607,108,109.5,106.5,109.5,1.5,1.39%,2591,109.5,1491,109,109.5,121.5,106.5,,一般,,2026-07-12 09:37:52,2026-07-12 09:37:52
20260709,LCF,202607/202608,0.49,0.76,0.49,0.49,-,-,38,-,-,0.23,0.5,0.76,-0.01,,一般,21,2026-07-12 09:37:52,2026-07-12 09:37:52
20260709,LCF,202608,108,110,108,110,1,0.92%,89,110,1347,109,110,121,108,,一般,,2026-07-12 09:37:52,2026-07-12 09:37:52
20260709,LCF,202609,-,-,-,-,-,-,0,108.5,3,109,113,121,107.5,,一般,,2026-07-12 09:37:52,2026-07-12 09:37:52
20260709,LCF,202612,-,-,-,-,-,-,0,109,0,105.5,-,-,-,,一般,,2026-07-12 09:37:52,2026-07-12 09:37:52
20260709,LCF,202703,-,-,-,-,-,-,0,109,0,105.5,-,-,-,,一般,,2026-07-12 09:37:52,2026-07-12 09:37:52
20260709,LEF,202607,620,635,613,621,4,0.65%,128,619,306,616,630,806,589,,一般,,2026-07-12 09:37:52,2026-07-12 09:37:52
20260709,LEF,202607/202608,3.41,7,3.41,3.63,-,-,24,-,-,0.05,3.63,7,3.41,,一般,11,2026-07-12 09:37:52,2026-07-12 09:37:52
20260709,LEF,202608,617,635,617,625,6,0.97%,35,624,84,620,634,796,606,,一般,,2026-07-12 09:37:52,2026-07-12 09:37:52
20260709,LEF,202609,-,-,-,-,-,-,0,619,1,612,-,565,565,,一般,,2026-07-12 09:37:52,2026-07-12 09:37:52
20260709,LEF,202612,-,-,-,-,-,-,0,621,7,607,-,662,443.5,,一般,,2026-07-12 09:37:52,2026-07-12 09:37:52
20260709,LEF,202703,-,-,-,-,-,-,0,610,1,599,-,790,790,,一般,,2026-07-12 09:37:52,2026-07-12 09:37:52
20260709,LIF,202607,64,64.6,62.6,63,0,0.00%,191,63,787,62.6,63,97.7,61.5,,一般,,2026-07-12 09:37:52,2026-07-12 09:37:52
20260709,LIF,202607/202608,0.27,0.27,-0.01,-0.01,-,-,68,-,-,-0.01,0.15,0.61,-0.01,,一般,28,2026-07-12 09:37:52,2026-07-12 09:37:52
20260709,LIF,202608,64,64,62.8,62.8,-0.9,-1.41%,98,62.8,227,62.8,63.2,97.7,62.4,,一般,,2026-07-12 09:37:52,2026-07-12 09:37:52
20260709,LIF,202609,-,-,-,-,-,-,0,63.4,1,60.5,-,55.5,55.5,,一般,,2026-07-12 09:37:52,2026-07-12 09:37:52
20260709,LIF,202612,-,-,-,-,-,-,0,63.3,0,60.5,-,75.6,75.6,,一般,,2026-07-12 09:37:52,2026-07-12 09:37:52
20260709,LIF,202703,-,-,-,-,-,-,0,63,0,60.5,-,-,-,,一般,,2026-07-12 09:37:52,2026-07-12 09:37:52
20260709,LMF,202607,73.8,74.2,73.1,73.7,-0.4,-0.54%,33,73,306,73,74.3,80.8,62.6,,一般,,2026-07-12 09:37:52,2026-07-12 09:37:52
20260709,LMF,202607/202608,0.78,0.8,0.44,0.5,-,-,23,-,-,0.38,0.58,0.91,0.42,,一般,2,2026-07-12 09:37:52,2026-07-12 09:37:52
20260709,LMF,202608,74,74,74,74,-0.9,-1.20%,25,73.8,106,73.6,74.9,80,72,,一般,,2026-07-12 09:37:52,2026-07-12 09:37:52
20260709,LMF,202609,-,-,-,-,-,-,0,72.3,0,67.5,-,-,-,,一般,,2026-07-12 09:37:52,2026-07-12 09:37:52
20260709,LMF,202612,-,-,-,-,-,-,0,72.7,0,67.5,-,70.4,62.8,,一般,,2026-07-12 09:37:52,2026-07-12 09:37:52
20260709,LMF,202703,-,-,-,-,-,-,0,72.9,0,67.5,-,-,-,,一般,,2026-07-12 09:37:52,2026-07-12 09:37:52
20260709,LOF,202607,25.15,25.2,25.15,25.2,0,0.00%,12,25.2,260,24.85,-,25.25,22.8,,一般,,2026-07-12 09:37:52,2026-07-12 09:37:52
20260709,LOF,202607/202608,0.14,0.14,0.14,0.14,-,-,1,-,-,-,0.25,0.15,0.1,,一般,0,2026-07-12 09:37:52,2026-07-12 09:37:52
20260709,LOF,202608,25.35,25.35,25.35,25.35,0.15,0.60%,2,25.2,21,25.1,-,25.35,24.6,,一般,,2026-07-12 09:37:52,2026-07-12 09:37:52
20260709,LOF,202609,-,-,-,-,-,-,0,24.9,0,-,-,-,-,,一般,,2026-07-12 09:37:52,2026-07-12 09:37:52
20260709,LOF,202612,-,-,-,-,-,-,0,24.95,0,-,-,-,-,,一般,,2026-07-12 09:37:52,2026-07-12 09:37:52
20260709,LOF,202703,-,-,-,-,-,-,0,25,0,-,-,-,-,,一般,,2026-07-12 09:37:52,2026-07-12 09:37:52
20260709,LQF,202607,68.3,72.8,67.7,70.5,4.3,6.50%,7958,70.2,3996,70.4,70.6,89.3,52.5,,一般,,2026-07-12 09:37:52,2026-07-12 09:37:52
20260709,LQF,202607/202608,0,0,-2.34,-0.49,-,-,365,-,-,-0.49,-0.16,0.41,-2.34,,一般,450,2026-07-12 09:37:52,2026-07-12 09:37:52
20260709,LQF,202608,68.8,72.8,67,70,3.8,5.74%,1545,69.8,1520,69.9,70.3,72.8,61,,一般,,2026-07-12 09:37:52,2026-07-12 09:37:52
20260709,LQF,202609,-,-,-,-,-,-,0,70.2,11,68.8,-,79,40.8,,一般,,2026-07-12 09:37:52,2026-07-12 09:37:52
20260709,LQF,202612,70.5,70.5,70.5,70.5,5,7.63%,2,69.5,11,67.7,-,76.7,46,,一般,,2026-07-12 09:37:52,2026-07-12 09:37:52
20260709,LQF,202703,-,-,-,-,-,-,0,69.6,0,62.7,-,65.8,59.9,,一般,,2026-07-12 09:37:52,2026-07-12 09:37:52
20260709,LRF,202607,30.9,31.15,29.85,30.05,-1.2,-3.84%,522,30.05,3473,30.1,30.35,31.5,21.7,,一般,,2026-07-12 09:37:52,2026-07-12 09:37:52
20260709,LRF,202607/202608,0.13,0.13,0.13,0.13,-,-,150,-,-,0.13,0.15,0.23,0.12,,一般,45,2026-07-12 09:37:52,2026-07-12 09:37:52
20260709,LRF,202608,31.15,31.15,30.2,30.2,-1.05,-3.36%,198,30.2,608,30.2,30.5,31.5,28.4,,一般,,2026-07-12 09:37:52,2026-07-12 09:37:52
20260709,LRF,202609,-,-,-,-,-,-,0,29.85,0,-,-,22.05,16.05,,一般,,2026-07-12 09:37:52,2026-07-12 09:37:52
20260709,LRF,202612,-,-,-,-,-,-,0,29.8,0,-,-,-,-,,一般,,2026-07-12 09:37:52,2026-07-12 09:37:52
20260709,LRF,202703,-,-,-,-,-,-,0,29.8,0,-,-,-,-,,一般,,2026-07-12 09:37:52,2026-07-12 09:37:52
20260709,LTF,202607,94.1,95.6,92.8,95.6,1.7,1.81%,638,95.6,922,95.3,95.6,114,92.1,,一般,,2026-07-12 09:37:52,2026-07-12 09:37:52
20260709,LTF,202608,94.3,94.8,93.3,94.8,1.4,1.50%,5,95.1,76,94.8,96.4,110,93.2,,一般,,2026-07-12 09:37:52,2026-07-12 09:37:52
20260709,LTF,202609,-,-,-,-,-,-,0,95.5,5,93.6,98.7,113,93.8,,一般,,2026-07-12 09:37:52,2026-07-12 09:37:52
20260709,LTF,202612,-,-,-,-,-,-,0,96.6,0,92.3,-,-,-,,一般,,2026-07-12 09:37:52,2026-07-12 09:37:52
20260709,LTF,202703,-,-,-,-,-,-,0,96.6,0,92.3,-,-,-,,一般,,2026-07-12 09:37:52,2026-07-12 09:37:52
20260709,LUF,202607,580,604,569,585,18,3.17%,4382,584,3491,584,586,665,448,,一般,,2026-07-12 09:37:52,2026-07-12 09:37:52
20260709,LUF,202607/202608,2.91,2.91,2.15,2.17,-,-,1061,-,-,2.16,2.17,4.01,2.15,,一般,271,2026-07-12 09:37:52,2026-07-12 09:37:52
20260709,LUF,202608,582,605,571,587,17,2.98%,1442,587,1843,586,589,666,546,,一般,,2026-07-12 09:37:52,2026-07-12 09:37:52
20260709,LUF,202609,593,593,593,593,19,3.31%,1,593,129,587,594,650,139.5,,一般,,2026-07-12 09:37:52,2026-07-12 09:37:52
20260709,LUF,202612,-,-,-,-,-,-,0,586,25,584,-,662,164,,一般,,2026-07-12 09:37:52,2026-07-12 09:37:52
20260709,LUF,202703,-,-,-,-,-,-,0,587,1,564,-,632,600,,一般,,2026-07-12 09:37:52,2026-07-12 09:37:52
20260709,LVF,202607,114,116,114,115,-0.5,-0.43%,27,115,406,115,116,122,109,,一般,,2026-07-12 09:37:52,2026-07-12 09:37:52
20260709,LVF,202607/202608,0.28,0.7,0.28,0.7,-,-,6,-,-,0.55,0.82,0.8,0.03,,一般,1,2026-07-12 09:37:52,2026-07-12 09:37:52
20260709,LVF,202608,116,116,116,116,1,0.87%,7,116,90,115.5,117,120,114.5,,一般,,2026-07-12 09:37:52,2026-07-12 09:37:52
20260709,LVF,202609,-,-,-,-,-,-,0,116,1,111,-,116.5,109,,一般,,2026-07-12 09:37:52,2026-07-12 09:37:52
20260709,LVF,202612,-,-,-,-,-,-,0,115.5,2,111,-,120,108,,一般,,2026-07-12 09:37:52,2026-07-12 09:37:52
20260709,LVF,202703,-,-,-,-,-,-,0,116,0,111,-,-,-,,一般,,2026-07-12 09:37:52,2026-07-12 09:37:52
20260709,LWF,202607,337.5,337.5,331.5,337.5,0,0.00%,6,337.5,41,326.5,350,351.5,310.5,,一般,,2026-07-12 09:37:52,2026-07-12 09:37:52
20260709,LWF,202608,-,-,-,-,-,-,0,339.5,4,329,352.5,327,324,,一般,,2026-07-12 09:37:52,2026-07-12 09:37:52
20260709,LWF,202609,-,-,-,-,-,-,0,338.5,0,-,361,-,-,,一般,,2026-07-12 09:37:52,2026-07-12 09:37:52
20260709,LWF,202612,-,-,-,-,-,-,0,338.5,0,-,-,-,-,,一般,,2026-07-12 09:37:52,2026-07-12 09:37:52
20260709,LWF,202703,-,-,-,-,-,-,0,339.5,0,-,-,-,-,,一般,,2026-07-12 09:37:52,2026-07-12 09:37:52
20260709,LXF,202607,917,952,896,899,2,0.22%,10874,899,11563,898,900,1240,540,,一般,,2026-07-12 09:37:52,2026-07-12 09:37:52
20260709,LXF,202607/202608,5.01,5.4,3.35,3.44,-,-,2248,-,-,3.43,3.44,10.01,3.35,,一般,427,2026-07-12 09:37:52,2026-07-12 09:37:52
20260709,LXF,202608,929,956,900,901,-1,-0.11%,2787,902,4782,901,904,1250,864,,一般,,2026-07-12 09:37:52,2026-07-12 09:37:52
20260709,LXF,202609,921,930,920,922,12,1.32%,7,910,26,900,924,1210,242.5,,一般,,2026-07-12 09:37:52,2026-07-12 09:37:52
20260709,LXF,202612,-,-,-,-,-,-,0,913,7,895,946,1110,250,,一般,,2026-07-12 09:37:52,2026-07-12 09:37:52
20260709,LXF,202703,-,-,-,-,-,-,0,899,2,891,-,1155,643,,一般,,2026-07-12 09:37:52,2026-07-12 09:37:52
20260709,LYF,202607,1119,1222,1095,1218,107,9.63%,3487,1217,2093,1217,1218,1300,790,,一般,,2026-07-12 09:37:52,2026-07-12 09:37:52
20260709,LYF,202607/202608,3.01,3.5,2.96,2.96,-,-,212,-,-,2.1,2.9,8.16,2.96,,一般,139,2026-07-12 09:37:52,2026-07-12 09:37:52
20260709,LYF,202608,1124,1226,1106,1215,100,8.97%,356,1219,814,1219,1221,1275,888,,一般,,2026-07-12 09:37:52,2026-07-12 09:37:52
20260709,LYF,202609,-,-,-,-,-,-,0,1218,2,1175,-,1185,241.5,,一般,,2026-07-12 09:37:52,2026-07-12 09:37:52
20260709,LYF,202612,1225,1225,1225,1225,110,9.87%,1,1221,1,1171,-,1225,820,,一般,,2026-07-12 09:37:52,2026-07-12 09:37:52
20260709,LYF,202703,-,-,-,-,-,-,0,1216,0,1166,-,-,-,,一般,,2026-07-12 09:37:52,2026-07-12 09:37:52
20260709,M1F,202607,36828,36828,36143,36188,-13,-0.04%,287,36188,243,36188,36530,38949,33375,,一般,,2026-07-12 09:37:52,2026-07-12 09:37:52
20260709,M1F,202607,36084,36728,35415,36696,495,1.37%,1751,NULL,-,36375,-,38949,33375,,盤後,,2026-07-12 09:37:52,2026-07-12 09:37:52
20260709,M1F,202608,36569,36737,36223,36272,-131,-0.36%,202,36272,335,36208,36614,39000,35510,,一般,,2026-07-12 09:37:52,2026-07-12 09:37:52
20260709,M1F,202608,36147,36703,35510,36703,300,0.82%,945,NULL,-,36345,-,39000,35510,,盤後,,2026-07-12 09:37:52,2026-07-12 09:37:52
20260709,M1F,202609,-,-,-,-,-,-,0,35073,0,-,-,-,-,,一般,,2026-07-12 09:37:52,2026-07-12 09:37:52
20260709,M1F,202609,-,-,-,-,-,-,0,NULL,-,-,-,-,-,,盤後,,2026-07-12 09:37:52,2026-07-12 09:37:52
20260709,M1F,202612,-,-,-,-,-,-,0,35251,0,-,-,-,-,,一般,,2026-07-12 09:37:52,2026-07-12 09:37:52
20260709,M1F,202612,-,-,-,-,-,-,0,NULL,-,-,-,-,-,,盤後,,2026-07-12 09:37:52,2026-07-12 09:37:52
20260709,M1F,202703,-,-,-,-,-,-,0,35812,0,-,-,-,-,,一般,,2026-07-12 09:37:52,2026-07-12 09:37:52
20260709,M1F,202703,-,-,-,-,-,-,0,NULL,-,-,-,-,-,,盤後,,2026-07-12 09:37:52,2026-07-12 09:37:52
20260709,M1F,202706,-,-,-,-,-,-,0,36290,0,-,-,-,-,,一般,,2026-07-12 09:37:52,2026-07-12 09:37:52
20260709,M1F,202706,-,-,-,-,-,-,0,NULL,-,-,-,-,-,,盤後,,2026-07-12 09:37:52,2026-07-12 09:37:52
20260709,MBF,202607,51.6,52.1,50.7,50.7,-0.4,-0.78%,84,50.7,709,50.5,50.7,72.2,50,,一般,,2026-07-12 09:37:52,2026-07-12 09:37:52
20260709,MBF,202608,51,51,51,51,0,0.00%,2,51,29,50.9,51.1,59,51,,一般,,2026-07-12 09:37:52,2026-07-12 09:37:52
20260709,MBF,202609,-,-,-,-,-,-,0,50.4,1,-,-,63,30.5,,一般,,2026-07-12 09:37:52,2026-07-12 09:37:52
20260709,MBF,202612,-,-,-,-,-,-,0,50.5,1,-,-,63.8,40.95,,一般,,2026-07-12 09:37:52,2026-07-12 09:37:52
20260709,MBF,202703,-,-,-,-,-,-,0,50.5,1,-,55.3,63.5,50.2,,一般,,2026-07-12 09:37:52,2026-07-12 09:37:52
20260709,MJF,202607,1837,1862,1798,1824,-36,-1.94%,62,1821,139,1805,1825,2515,1798,,一般,,2026-07-12 09:37:52,2026-07-12 09:37:52
20260709,MJF,202607/202608,16.55,16.56,14.25,14.99,-,-,24,-,-,5.58,14.99,19.94,9.99,,一般,5,2026-07-12 09:37:52,2026-07-12 09:37:52
20260709,MJF,202608,1835,1855,1807,1836,-42,-2.24%,31,1836,112,1820,1830,2330,1807,,一般,,2026-07-12 09:37:52,2026-07-12 09:37:52
20260709,MJF,202609,-,-,-,-,-,-,0,1827,0,-,-,-,-,,一般,,2026-07-12 09:37:52,2026-07-12 09:37:52
20260709,MJF,202612,-,-,-,-,-,-,0,1794,0,-,-,-,-,,一般,,2026-07-12 09:37:52,2026-07-12 09:37:52
20260709,MJF,202703,-,-,-,-,-,-,0,1794,0,-,-,-,-,,一般,,2026-07-12 09:37:52,2026-07-12 09:37:52
20260709,MKF,202607,90.5,90.5,89.5,89.5,-0.5,-0.56%,18,89.5,434,88.9,89.8,95.2,87.5,,一般,,2026-07-12 09:37:52,2026-07-12 09:37:52
20260709,MKF,202607/202608,0.51,0.54,0.4,0.4,-,-,4,-,-,0.4,0.51,0.54,0.19,,一般,1,2026-07-12 09:37:52,2026-07-12 09:37:52
20260709,MKF,202608,89.9,89.9,89.9,89.9,0.1,0.11%,5,89.9,45,89.5,90.4,93.5,89.5,,一般,,2026-07-12 09:37:52,2026-07-12 09:37:52
20260709,MKF,202609,-,-,-,-,-,-,0,89.6,0,-,-,-,-,,一般,,2026-07-12 09:37:52,2026-07-12 09:37:52
20260709,MKF,202612,-,-,-,-,-,-,0,89.2,0,-,-,-,-,,一般,,2026-07-12 09:37:52,2026-07-12 09:37:52
20260709,MKF,202703,-,-,-,-,-,-,0,89.2,0,-,-,-,-,,一般,,2026-07-12 09:37:52,2026-07-12 09:37:52
20260709,MQF,202607,248,250,242.5,245,-0.5,-0.20%,462,245,1400,244.5,246,283.5,196,,一般,,2026-07-12 09:37:52,2026-07-12 09:37:52
20260709,MQF,202607/202608,1.22,1.31,0.99,1.01,-,-,88,-,-,0.99,1.01,1.41,0.99,,一般,23,2026-07-12 09:37:52,2026-07-12 09:37:52
20260709,MQF,202608,244,251,244,245.5,-1.5,-0.61%,113,245.5,321,245,247.5,284,225,,一般,,2026-07-12 09:37:52,2026-07-12 09:37:52
20260709,MQF,202609,-,-,-,-,-,-,0,244.5,8,-,-,254,100.5,,一般,,2026-07-12 09:37:52,2026-07-12 09:37:52
20260709,MQF,202612,-,-,-,-,-,-,0,244.5,0,-,-,-,-,,一般,,2026-07-12 09:37:52,2026-07-12 09:37:52
20260709,MQF,202703,-,-,-,-,-,-,0,244.5,0,-,-,-,-,,一般,,2026-07-12 09:37:52,2026-07-12 09:37:52
20260709,MTX,202607,46016,46160,45330,45681,118,0.26%,164977,45648,32252,45671,45681,49239,36980,,一般,,2026-07-12 09:37:52,2026-07-12 09:37:52
20260709,MTX,202607,45465,45988,44580,45739,176,0.39%,241363,NULL,-,45726,45740,49239,36980,,盤後,,2026-07-12 09:37:52,2026-07-12 09:37:52
20260709,MTX,202607/202608,261,322,261,320,-,-,107,-,-,316,322,322,201,,一般,2956,2026-07-12 09:37:52,2026-07-12 09:37:52
20260709,MTX,202607/202608,266,283,253,253,-,-,22,-,-,251,260,307,201,,盤後,4075,2026-07-12 09:37:52,2026-07-12 09:37:52
20260709,MTX,202607/202609,477,477,475,475,-,-,6,-,-,467,475,530,100,,一般,309,2026-07-12 09:37:52,2026-07-12 09:37:52
20260709,MTX,202607/202706,2905,2905,2905,2905,-,-,1,-,-,2918,2959,3014,2689,,一般,6,2026-07-12 09:37:52,2026-07-12 09:37:52
20260709,MTX,202607W4,45616,46093,45468,45480,-136,-0.30%,18,45741,14,45733,45750,46093,44766,,一般,,2026-07-12 09:37:52,2026-07-12 09:37:52
20260709,MTX,202607W4,45450,45898,44766,45898,282,0.62%,83,NULL,-,45796,45999,45898,44766,,盤後,,2026-07-12 09:37:52,2026-07-12 09:37:52
20260709,MTX,202608,46280,46440,45635,45996,150,0.33%,7486,45960,6271,45987,46000,49496,41164,,一般,,2026-07-12 09:37:52,2026-07-12 09:37:52
20260709,MTX,202608,45757,46234,44866,45975,129,0.28%,7595,NULL,-,45977,46000,49496,41164,,盤後,,2026-07-12 09:37:52,2026-07-12 09:37:52
20260709,MTX,202609,46445,46615,45830,46040,25,0.05%,342,46166,2801,46138,46156,49689,24970,,一般,,2026-07-12 09:37:52,2026-07-12 09:37:52
20260709,MTX,202609,45850,46396,45050,46124,109,0.24%,420,NULL,-,46177,46205,49689,24970,,盤後,,2026-07-12 09:37:52,2026-07-12 09:37:52
20260709,MTX,202612,47120,47325,46642,46880,34,0.07%,36,46950,796,46937,46957,50288,27401,,一般,,2026-07-12 09:37:52,2026-07-12 09:37:52
20260709,MTX,202612,46866,47222,45888,47222,376,0.80%,102,NULL,-,46961,47028,50288,27401,,盤後,,2026-07-12 09:37:52,2026-07-12 09:37:52
20260709,MTX,202703,48100,48200,48100,48200,500,1.05%,2,47822,414,47802,47824,51080,32298,,一般,,2026-07-12 09:37:52,2026-07-12 09:37:52
20260709,MTX,202703,46986,48091,46978,48091,391,0.82%,7,NULL,-,47846,47887,51080,32298,,盤後,,2026-07-12 09:37:52,2026-07-12 09:37:52
20260709,MTX,202706,48964,48964,48595,48600,108,0.22%,11,48617,95,48589,48640,52000,47297,,一般,,2026-07-12 09:37:52,2026-07-12 09:37:52
20260709,MTX,202706,48700,48700,47850,48700,208,0.43%,7,NULL,-,48638,48725,52000,47297,,盤後,,2026-07-12 09:37:52,2026-07-12 09:37:52
20260709,MVF,202607,46.05,46.55,46.05,46.4,0.05,0.11%,9,46.4,126,46.3,49.2,47,43.35,,一般,,2026-07-12 09:37:52,2026-07-12 09:37:52
20260709,MVF,202607/202608,0.26,0.26,0.26,0.26,-,-,3,-,-,0.13,0.42,0.26,0.26,,一般,0,2026-07-12 09:37:52,2026-07-12 09:37:52
20260709,MVF,202608,46.45,-,-,46.45,0,0.00%,3,46.5,9,46.4,49.65,45.2,44.9,,一般,,2026-07-12 09:37:52,2026-07-12 09:37:52
20260709,MVF,202609,-,-,-,-,-,-,0,46.05,25,-,47.7,47.5,44.8,,一般,,2026-07-12 09:37:52,2026-07-12 09:37:52
20260709,MVF,202612,-,-,-,-,-,-,0,46.05,0,-,-,-,-,,一般,,2026-07-12 09:37:52,2026-07-12 09:37:52
20260709,MVF,202703,-,-,-,-,-,-,0,46.15,2,-,-,48.6,48.45,,一般,,2026-07-12 09:37:52,2026-07-12 09:37:52
20260709,MYF,202607,95.8,96,95.8,96,-0.8,-0.83%,3,97,7,89.5,-,99.6,92.8,,一般,,2026-07-12 09:37:52,2026-07-12 09:37:52
20260709,MYF,202608,-,-,-,-,-,-,0,97.1,2,89.7,-,99,98.5,,一般,,2026-07-12 09:37:52,2026-07-12 09:37:52
20260709,MYF,202609,-,-,-,-,-,-,0,97,0,-,-,-,-,,一般,,2026-07-12 09:37:52,2026-07-12 09:37:52
20260709,MYF,202612,-,-,-,-,-,-,0,97,1,-,-,109.5,109.5,,一般,,2026-07-12 09:37:52,2026-07-12 09:37:52
20260709,MYF,202703,-,-,-,-,-,-,0,97.1,0,-,-,-,-,,一般,,2026-07-12 09:37:52,2026-07-12 09:37:52
20260709,NAF,202607,422,429,403,405,-11,-2.64%,2062,405,4681,404,405.5,599,399.5,,一般,,2026-07-12 09:37:52,2026-07-12 09:37:52
20260709,NAF,202607/202608,1.75,2.11,1.7,1.71,-,-,776,-,-,1.7,1.71,3.7,1.7,,一般,87,2026-07-12 09:37:52,2026-07-12 09:37:52
20260709,NAF,202608,418,430,405,406,-12,-2.87%,879,406.5,2926,406,407,586,403,,一般,,2026-07-12 09:37:52,2026-07-12 09:37:52
20260709,NAF,202609,-,-,-,-,-,-,0,414,72,407,417,626,108,,一般,,2026-07-12 09:37:52,2026-07-12 09:37:52
20260709,NAF,202612,-,-,-,-,-,-,0,406.5,6,401.5,427,634,450,,一般,,2026-07-12 09:37:52,2026-07-12 09:37:52
20260709,NAF,202703,-,-,-,-,-,-,0,420,1,402,447,449,449,,一般,,2026-07-12 09:37:52,2026-07-12 09:37:52
20260709,NB1,202607,-,-,-,-,-,-,0,275.5,61,-,291.5,344.5,177.5,,一般,,2026-07-12 09:37:52,2026-07-12 09:37:52
20260709,NB1,202703,-,-,-,-,-,-,0,272,1,-,-,207,207,,一般,,2026-07-12 09:37:52,2026-07-12 09:37:52
20260709,NBF,202607,281,282,281,282,9,3.30%,2,275.5,18,273,292.5,304.5,275.5,,一般,,2026-07-12 09:37:52,2026-07-12 09:37:52
20260709,NBF,202608,280,280,280,280,8,2.94%,1,274.5,6,274.5,294,332.5,277.5,,一般,,2026-07-12 09:37:52,2026-07-12 09:37:52
20260709,NBF,202609,-,-,-,-,-,-,0,272.5,0,-,-,-,-,,一般,,2026-07-12 09:37:52,2026-07-12 09:37:52
20260709,NBF,202612,-,-,-,-,-,-,0,272.5,0,-,-,-,-,,一般,,2026-07-12 09:37:52,2026-07-12 09:37:52
20260709,NBF,202703,-,-,-,-,-,-,0,272,0,-,-,-,-,,一般,,2026-07-12 09:37:52,2026-07-12 09:37:52
20260709,NCF,202607,450.5,470,435,453.5,18.5,4.25%,528,453.5,289,453,453.5,491,359,,一般,,2026-07-12 09:37:52,2026-07-12 09:37:52
20260709,NCF,202607/202608,2.01,2.47,2.01,2.47,-,-,2,-,-,0.55,2.63,3.61,2.01,,一般,18,2026-07-12 09:37:52,2026-07-12 09:37:52
20260709,NCF,202608,458,472.5,442.5,458.5,27.5,6.38%,22,456,36,453.5,456.5,472.5,390.5,,一般,,2026-07-12 09:37:52,2026-07-12 09:37:52
20260709,NCF,202609,-,-,-,-,-,-,0,452,0,438,-,-,-,,一般,,2026-07-12 09:37:52,2026-07-12 09:37:52
20260709,NCF,202612,-,-,-,-,-,-,0,452,1,438,-,379,362.5,,一般,,2026-07-12 09:37:52,2026-07-12 09:37:52
20260709,NCF,202703,-,-,-,-,-,-,0,452,0,438,-,-,-,,一般,,2026-07-12 09:37:52,2026-07-12 09:37:52
20260709,NDF,202607,405,414,402.5,408.5,7,1.74%,867,408.5,1726,407.5,409,485,372,,一般,,2026-07-12 09:37:52,2026-07-12 09:37:52
20260709,NDF,202607/202608,-0.55,-0.1,-3.89,-3.5,-,-,347,-,-,-3.41,-2.82,1.39,-3.89,,一般,87,2026-07-12 09:37:52,2026-07-12 09:37:52
20260709,NDF,202608,403,412,402.5,404,3,0.75%,496,404,845,404,406.5,439,385,,一般,,2026-07-12 09:37:52,2026-07-12 09:37:52
20260709,NDF,202609,-,-,-,-,-,-,0,411,36,394,421.5,488,201.5,,一般,,2026-07-12 09:37:52,2026-07-12 09:37:52
20260709,NDF,202612,-,-,-,-,-,-,0,412,22,390.5,-,456.5,262.5,,一般,,2026-07-12 09:37:52,2026-07-12 09:37:52
20260709,NDF,202703,-,-,-,-,-,-,0,413,0,-,-,-,-,,一般,,2026-07-12 09:37:52,2026-07-12 09:37:52
20260709,NEF,202607,230,238.5,229.5,235,4,1.73%,372,235,701,234.5,235,272.5,207,,一般,,2026-07-12 09:37:52,2026-07-12 09:37:52
20260709,NEF,202607/202608,1.21,1.26,1.21,1.24,-,-,103,-,-,1.25,1.26,1.49,0.89,,一般,14,2026-07-12 09:37:52,2026-07-12 09:37:52
20260709,NEF,202608,236,240,233,235.5,3,1.29%,119,235.5,162,235.5,236.5,269,217.5,,一般,,2026-07-12 09:37:52,2026-07-12 09:37:52
20260709,NEF,202609,-,-,-,-,-,-,0,235.5,2,227,243,269,125,,一般,,2026-07-12 09:37:52,2026-07-12 09:37:52
20260709,NEF,202612,-,-,-,-,-,-,0,238,2,227,-,255,198,,一般,,2026-07-12 09:37:52,2026-07-12 09:37:52
20260709,NEF,202703,-,-,-,-,-,-,0,237.5,1,227,-,223,223,,一般,,2026-07-12 09:37:52,2026-07-12 09:37:52
20260709,NGF,202607,147,147,141.5,143.5,-4,-2.71%,69,143.5,354,141.5,145.5,176,141.5,,一般,,2026-07-12 09:37:52,2026-07-12 09:37:52
20260709,NGF,202607/202608,-0.47,-0.47,-0.97,-0.97,-,-,38,-,-,-0.99,-0.75,0.25,-0.97,,一般,2,2026-07-12 09:37:52,2026-07-12 09:37:52
20260709,NGF,202608,141.5,141.5,141,141,-5.5,-3.75%,40,141,78,141,145,155,141,,一般,,2026-07-12 09:37:52,2026-07-12 09:37:52
20260709,NGF,202609,-,-,-,-,-,-,0,143,8,136.5,150.5,169.5,95.7,,一般,,2026-07-12 09:37:52,2026-07-12 09:37:52
20260709,NGF,202612,-,-,-,-,-,-,0,145,5,-,-,150.5,150.5,,一般,,2026-07-12 09:37:52,2026-07-12 09:37:52
20260709,NGF,202703,-,-,-,-,-,-,0,143.5,0,-,-,-,-,,一般,,2026-07-12 09:37:52,2026-07-12 09:37:52
20260709,NIF,202607,39,39,38.8,39,-0.3,-0.76%,49,39,273,38.8,39.15,40.45,37,,一般,,2026-07-12 09:37:52,2026-07-12 09:37:52
20260709,NIF,202607/202608,0,0,-0.1,-0.1,-,-,20,-,-,-0.18,-0.02,0.99,-0.46,,一般,1,2026-07-12 09:37:52,2026-07-12 09:37:52
20260709,NIF,202608,39,39,39,39,-0.1,-0.26%,21,39,122,38.6,39.15,40.3,37.4,,一般,,2026-07-12 09:37:52,2026-07-12 09:37:52
20260709,NIF,202609,-,-,-,-,-,-,0,39,2,-,-,41.2,37.15,,一般,,2026-07-12 09:37:52,2026-07-12 09:37:52
20260709,NIF,202612,-,-,-,-,-,-,0,38.7,0,-,-,-,-,,一般,,2026-07-12 09:37:52,2026-07-12 09:37:52
20260709,NIF,202703,-,-,-,-,-,-,0,38.8,0,-,-,-,-,,一般,,2026-07-12 09:37:52,2026-07-12 09:37:52
20260709,NJF,202607,35.9,35.9,33.5,33.5,-0.15,-0.45%,20,33.5,583,33.25,34.7,38.7,31.4,,一般,,2026-07-12 09:37:52,2026-07-12 09:37:52
20260709,NJF,202607/202608,0.1,0.1,0.1,0.1,-,-,11,-,-,0.04,0.33,0.43,0.1,,一般,4,2026-07-12 09:37:52,2026-07-12 09:37:52
20260709,NJF,202608,35.9,35.9,33.7,33.7,0.05,0.15%,16,33.5,281,33.3,34.75,36.05,31.75,,一般,,2026-07-12 09:37:52,2026-07-12 09:37:52
20260709,NJF,202609,-,-,-,-,-,-,0,33.4,18,-,-,38.75,31.35,,一般,,2026-07-12 09:37:52,2026-07-12 09:37:52
20260709,NJF,202612,-,-,-,-,-,-,0,33.15,0,-,-,-,-,,一般,,2026-07-12 09:37:52,2026-07-12 09:37:52
20260709,NJF,202703,-,-,-,-,-,-,0,33.2,0,-,-,-,-,,一般,,2026-07-12 09:37:52,2026-07-12 09:37:52
20260709,NLF,202607,182,183.5,171.5,173,-7,-3.89%,3806,173,5886,173,173.5,225.5,147,,一般,,2026-07-12 09:37:52,2026-07-12 09:37:52
20260709,NLF,202607/202608,1.15,1.3,0.99,1.04,-,-,2300,-,-,1.04,1.05,1.45,0.49,,一般,119,2026-07-12 09:37:52,2026-07-12 09:37:52
20260709,NLF,202608,180.5,180.5,173.5,174,-6.5,-3.60%,2478,174,3484,174,175,226.5,170,,一般,,2026-07-12 09:37:52,2026-07-12 09:37:52
20260709,NLF,202609,-,-,-,-,-,-,0,174,12,170,179.5,222,90,,一般,,2026-07-12 09:37:52,2026-07-12 09:37:52
20260709,NLF,202612,-,-,-,-,-,-,0,174,10,167,181,197,110.5,,一般,,2026-07-12 09:37:52,2026-07-12 09:37:52
20260709,NLF,202703,-,-,-,-,-,-,0,178,2,167,-,213,140,,一般,,2026-07-12 09:37:52,2026-07-12 09:37:52
20260709,NMF,202607,98.4,102.5,91.7,91.8,-6.5,-6.61%,4660,91.8,1973,91.9,92.1,105.5,64.4,,一般,,2026-07-12 09:37:52,2026-07-12 09:37:52
20260709,NMF,202608,96.5,102,92.3,92.3,-5.4,-5.53%,155,92.3,202,92.1,92.5,104,72.8,,一般,,2026-07-12 09:37:52,2026-07-12 09:37:52
20260709,NMF,202608/202609,1,1,1,1,-,-,1,-,-,-3.01,-,1,1,,一般,0,2026-07-12 09:37:52,2026-07-12 09:37:52
20260709,NMF,202609,98.3,98.3,98.3,98.3,0,0.00%,2,91.8,2,-,-,107,87,,一般,,2026-07-12 09:37:52,2026-07-12 09:37:52
20260709,NMF,202612,-,-,-,-,-,-,0,91.8,1,-,-,99.9,99,,一般,,2026-07-12 09:37:52,2026-07-12 09:37:52
20260709,NMF,202703,-,-,-,-,-,-,0,92.3,1,-,-,103.5,94.8,,一般,,2026-07-12 09:37:52,2026-07-12 09:37:52
20260709,NOF,202607,210.5,218,205.5,211,0.5,0.24%,3623,211,2515,210.5,212,228.5,139.5,,一般,,2026-07-12 09:37:52,2026-07-12 09:37:52
20260709,NOF,202607/202608,1.15,1.25,1.15,1.18,-,-,226,-,-,1.17,1.18,1.28,0.76,,一般,249,2026-07-12 09:37:52,2026-07-12 09:37:52
20260709,NOF,202608,212,219,207,212,0,0.00%,578,212,521,212,213,226,163,,一般,,2026-07-12 09:37:52,2026-07-12 09:37:52
20260709,NOF,202609,-,-,-,-,-,-,0,211.5,43,212,214.5,216,106,,一般,,2026-07-12 09:37:52,2026-07-12 09:37:52
20260709,NOF,202612,-,-,-,-,-,-,0,215,23,214,216,188.5,107,,一般,,2026-07-12 09:37:52,2026-07-12 09:37:52
20260709,NOF,202703,-,-,-,-,-,-,0,215.5,11,215.5,218,181.5,126,,一般,,2026-07-12 09:37:52,2026-07-12 09:37:52
20260709,NQF,202607,436.5,436.5,425.5,425.5,-17.5,-3.95%,23,425.5,48,416,434.5,490,404.5,,一般,,2026-07-12 09:37:52,2026-07-12 09:37:52
20260709,NQF,202607/202608,2.89,2.9,2.89,2.9,-,-,3,-,-,2.02,3.95,3.71,2.89,,一般,1,2026-07-12 09:37:52,2026-07-12 09:37:52
20260709,NQF,202608,428.5,428.5,428.5,428.5,-13.5,-3.05%,4,428.5,12,420,438.5,471,428.5,,一般,,2026-07-12 09:37:52,2026-07-12 09:37:52
20260709,NQF,202609,-,-,-,-,-,-,0,425.5,0,-,449,-,-,,一般,,2026-07-12 09:37:52,2026-07-12 09:37:52
20260709,NQF,202612,-,-,-,-,-,-,0,425,0,-,-,-,-,,一般,,2026-07-12 09:37:52,2026-07-12 09:37:52
20260709,NQF,202703,-,-,-,-,-,-,0,427,0,-,-,-,-,,一般,,2026-07-12 09:37:52,2026-07-12 09:37:52
20260709,NSF,202607,201.5,217.5,199,217,19,9.60%,4907,217,8197,216.5,217,337,193.5,,一般,,2026-07-12 09:37:52,2026-07-12 09:37:52
20260709,NSF,202607/202608,0.66,1,0.49,0.67,-,-,655,-,-,0.66,0.67,1.37,0.49,,一般,300,2026-07-12 09:37:52,2026-07-12 09:37:52
20260709,NSF,202607/202609,4.01,4.01,1.49,2.89,-,-,9,-,-,2.51,2.89,4.01,1.49,,一般,59,2026-07-12 09:37:52,2026-07-12 09:37:52
20260709,NSF,202608,200,217.5,200,217.5,19.5,9.85%,1131,217.5,1532,217,217.5,303,195,,一般,,2026-07-12 09:37:52,2026-07-12 09:37:52
20260709,NSF,202609,221,221,215,219,18,8.96%,70,219,12,219,219.5,297,99.7,,一般,,2026-07-12 09:37:52,2026-07-12 09:37:52
20260709,NSF,202612,-,-,-,-,-,-,0,216.5,4,213,-,277,98.9,,一般,,2026-07-12 09:37:52,2026-07-12 09:37:52
20260709,NSF,202703,-,-,-,-,-,-,0,214,3,211,-,275.5,239,,一般,,2026-07-12 09:37:52,2026-07-12 09:37:52
20260709,NUF,202607,-,-,-,-,-,-,0,27.2,27,25.15,29.85,33.65,27.45,,一般,,2026-07-12 09:37:52,2026-07-12 09:37:52
20260709,NUF,202608,-,-,-,-,-,-,0,26.8,7,25.25,-,28.35,27.7,,一般,,2026-07-12 09:37:52,2026-07-12 09:37:52
20260709,NUF,202609,-,-,-,-,-,-,0,27.2,1,-,-,30.1,30.1,,一般,,2026-07-12 09:37:52,2026-07-12 09:37:52
20260709,NUF,202612,-,-,-,-,-,-,0,26.9,0,-,-,28.4,24.7,,一般,,2026-07-12 09:37:52,2026-07-12 09:37:52
20260709,NUF,202703,-,-,-,-,-,-,0,27.15,0,25.05,-,-,-,,一般,,2026-07-12 09:37:52,2026-07-12 09:37:52
20260709,NVF,202607,201,208,198.5,202.5,2.5,1.25%,464,202.5,1187,201.5,203.5,247,184.5,,一般,,2026-07-12 09:37:52,2026-07-12 09:37:52
20260709,NVF,202607/202608,0.99,0.99,0.99,0.99,-,-,2,-,-,1.09,1.49,1.29,0.99,,一般,20,2026-07-12 09:37:52,2026-07-12 09:37:52
20260709,NVF,202607/202609,2.01,2.01,2.01,2.01,-,-,10,-,-,1.99,-,2.08,1.99,,一般,0,2026-07-12 09:37:52,2026-07-12 09:37:52
20260709,NVF,202608,201.5,205,200,203.5,2.5,1.24%,33,203.5,180,202.5,205,228.5,195,,一般,,2026-07-12 09:37:52,2026-07-12 09:37:52
20260709,NVF,202609,201,-,-,201,0,0.00%,10,203.5,5,203,-,225.5,167,,一般,,2026-07-12 09:37:52,2026-07-12 09:37:52
20260709,NVF,202612,-,-,-,-,-,-,0,204,8,204.5,207,184,139,,一般,,2026-07-12 09:37:52,2026-07-12 09:37:52
20260709,NVF,202703,207.5,208,204,207,3,1.47%,23,207,4,206,208,217.5,199,,一般,,2026-07-12 09:37:52,2026-07-12 09:37:52
20260709,NWF,202607,2220,2285,2167,2227,83,3.87%,1744,2227,2552,2226,2229,2905,2080,,一般,,2026-07-12 09:37:52,2026-07-12 09:37:52
20260709,NWF,202607/202608,8.51,12,8.08,8.13,-,-,656,-,-,8.12,8.68,14,7.4,,一般,105,2026-07-12 09:37:52,2026-07-12 09:37:52
20260709,NWF,202608,2203,2292,2181,2237,85,3.95%,770,2238,1168,2234,2237,2720,2095,,一般,,2026-07-12 09:37:52,2026-07-12 09:37:52
20260709,NWF,202609,-,-,-,-,-,-,0,2232,7,2234,2277,2690,1020,,一般,,2026-07-12 09:37:52,2026-07-12 09:37:52
20260709,NWF,202612,-,-,-,-,-,-,0,2257,1,2229,2337,1750,1750,,一般,,2026-07-12 09:37:52,2026-07-12 09:37:52
20260709,NWF,202703,-,-,-,-,-,-,0,2227,0,2229,-,2635,2635,,一般,,2026-07-12 09:37:52,2026-07-12 09:37:52
20260709,NYF,202607,107,107.3,105.55,106,-0.45,-0.42%,5410,106,12919,106,106.1,115.05,94.95,,一般,,2026-07-12 09:37:52,2026-07-12 09:37:52
20260709,NYF,202607,104.5,106.9,104.15,106.5,0.05,0.05%,3019,NULL,-,106.35,106.85,115.05,94.95,,盤後,,2026-07-12 09:37:52,2026-07-12 09:37:52
20260709,NYF,202607/202608,0.56,0.6,0.54,0.6,-,-,870,-,-,0.56,0.6,0.69,0.54,,一般,753,2026-07-12 09:37:52,2026-07-12 09:37:52
20260709,NYF,202607/202608,0.56,0.57,0.56,0.56,-,-,47,-,-,0.54,0.56,0.69,0.54,,盤後,129,2026-07-12 09:37:52,2026-07-12 09:37:52
20260709,NYF,202607/202609,0.89,0.89,0.89,0.89,-,-,1,-,-,0.76,0.91,1.01,0,,一般,0,2026-07-12 09:37:52,2026-07-12 09:37:52
20260709,NYF,202608,107.6,107.8,106.15,106.55,-0.5,-0.47%,1774,106.55,11782,106.55,106.7,115.6,103.35,,一般,,2026-07-12 09:37:52,2026-07-12 09:37:52
20260709,NYF,202608,104.85,107.4,104.75,106.9,-0.15,-0.14%,219,NULL,-,106.85,107.45,115.6,103.35,,盤後,,2026-07-12 09:37:52,2026-07-12 09:37:52
20260709,NYF,202608/202609,0.41,0.41,0.41,0.41,-,-,9,-,-,0.05,0.41,0.81,0.39,,盤後,0,2026-07-12 09:37:52,2026-07-12 09:37:52
20260709,NYF,202609,107.5,-,-,107.5,0,0.00%,1,106.8,388,106.75,107.05,114.5,61.55,,一般,,2026-07-12 09:37:52,2026-07-12 09:37:52
20260709,NYF,202609,107.5,-,-,107.5,0,0.00%,9,NULL,-,106.9,107.9,114.5,61.55,,盤後,,2026-07-12 09:37:52,2026-07-12 09:37:52
20260709,NYF,202612,-,-,-,-,-,-,0,109.3,2,-,-,111,110.8,,一般,,2026-07-12 09:37:52,2026-07-12 09:37:52
20260709,NYF,202612,-,-,-,-,-,-,0,NULL,-,106.8,-,111,110.8,,盤後,,2026-07-12 09:37:52,2026-07-12 09:37:52
20260709,NYF,202703,-,-,-,-,-,-,0,110.35,1,108.5,-,-,-,,一般,,2026-07-12 09:37:52,2026-07-12 09:37:52
20260709,NYF,202703,-,-,-,-,-,-,0,NULL,-,106.8,117.5,-,-,,盤後,,2026-07-12 09:37:52,2026-07-12 09:37:52
20260709,OAF,202607,40.97,41.2,40.95,41.2,-0.11,-0.27%,20,41.2,685,41.28,42.51,42.64,39.44,,一般,,2026-07-12 09:37:52,2026-07-12 09:37:52
20260709,OAF,202608,41.11,41.11,41.11,41.11,-0.11,-0.27%,1,41.11,68,41.42,42.65,42.3,41.11,,一般,,2026-07-12 09:37:52,2026-07-12 09:37:52
20260709,OAF,202609,-,-,-,-,-,-,0,41.21,0,39.92,43.92,-,-,,一般,,2026-07-12 09:37:52,2026-07-12 09:37:52
20260709,OAF,202612,-,-,-,-,-,-,0,41.45,0,39.92,-,-,-,,一般,,2026-07-12 09:37:52,2026-07-12 09:37:52
20260709,OAF,202703,-,-,-,-,-,-,0,41.38,0,39.92,-,-,-,,一般,,2026-07-12 09:37:52,2026-07-12 09:37:52
20260709,OBF,202607,37.82,37.83,37.82,37.82,0.12,0.32%,14,37.82,35,37.92,39.08,38.2,35.01,,一般,,2026-07-12 09:37:52,2026-07-12 09:37:52
20260709,OBF,202608,37.92,37.92,37.92,37.92,0.14,0.37%,9,37.92,9,38.01,39.17,37.92,37.92,,一般,,2026-07-12 09:37:52,2026-07-12 09:37:52
20260709,OBF,202609,-,-,-,-,-,-,0,37.99,0,-,-,36.97,36,,一般,,2026-07-12 09:37:52,2026-07-12 09:37:52
20260709,OBF,202612,-,-,-,-,-,-,0,37.99,0,-,-,-,-,,一般,,2026-07-12 09:37:52,2026-07-12 09:37:52
20260709,OBF,202703,-,-,-,-,-,-,0,38.15,0,-,-,-,-,,一般,,2026-07-12 09:37:52,2026-07-12 09:37:52
20260709,ODF,202607,113.5,121,108,108.5,-5,-4.41%,201,108.5,627,108.5,111,124,87.1,,一般,,2026-07-12 09:37:52,2026-07-12 09:37:52
20260709,ODF,202607/202608,-0.11,-0.01,-0.9,-0.9,-,-,37,-,-,-0.91,-0.9,0.77,-1.01,,一般,0,2026-07-12 09:37:52,2026-07-12 09:37:52
20260709,ODF,202608,119,119,119,119,6.5,5.78%,38,109,97,107.5,110.5,123,95,,一般,,2026-07-12 09:37:52,2026-07-12 09:37:52
20260709,ODF,202609,-,-,-,-,-,-,0,110,0,-,-,136.5,98.7,,一般,,2026-07-12 09:37:52,2026-07-12 09:37:52
20260709,ODF,202612,-,-,-,-,-,-,0,110,0,-,-,-,-,,一般,,2026-07-12 09:37:52,2026-07-12 09:37:52
20260709,ODF,202703,-,-,-,-,-,-,0,110,0,-,-,140,133.5,,一般,,2026-07-12 09:37:52,2026-07-12 09:37:52
20260709,OEF,202607,17.15,17.6,16.8,17.15,0.25,1.48%,1588,17.15,11217,17.1,17.2,22.05,10.35,,一般,,2026-07-12 09:37:52,2026-07-12 09:37:52
20260709,OEF,202607/202608,-0.05,0,-0.11,-0.11,-,-,270,-,-,-0.11,-0.1,0.21,-0.11,,一般,108,2026-07-12 09:37:52,2026-07-12 09:37:52
20260709,OEF,202608,17.15,17.6,16.8,17.05,0.15,0.89%,422,17.1,674,17,17.1,20.65,16.4,,一般,,2026-07-12 09:37:52,2026-07-12 09:37:52
20260709,OEF,202609,17.15,17.15,17.15,17.15,0.2,1.18%,2,17.15,37,16.55,17.85,20.15,8.91,,一般,,2026-07-12 09:37:52,2026-07-12 09:37:52
20260709,OEF,202612,-,-,-,-,-,-,0,17.1,8,-,17.6,21.9,8.7,,一般,,2026-07-12 09:37:52,2026-07-12 09:37:52
20260709,OEF,202703,-,-,-,-,-,-,0,17.1,2,-,-,19.85,15.75,,一般,,2026-07-12 09:37:52,2026-07-12 09:37:52
20260709,OHF,202607,124,124,123,123,-2,-1.60%,4,123,90,121,124,125.5,118,,一般,,2026-07-12 09:37:52,2026-07-12 09:37:52
20260709,OHF,202608,124,124,124,124,-2,-1.59%,5,124,6,122,125,126,123,,一般,,2026-07-12 09:37:52,2026-07-12 09:37:52
20260709,OHF,202609,-,-,-,-,-,-,0,123,0,-,-,-,-,,一般,,2026-07-12 09:37:52,2026-07-12 09:37:52
20260709,OHF,202612,-,-,-,-,-,-,0,123,0,-,-,-,-,,一般,,2026-07-12 09:37:52,2026-07-12 09:37:52
20260709,OHF,202703,-,-,-,-,-,-,0,123,0,-,-,-,-,,一般,,2026-07-12 09:37:52,2026-07-12 09:37:52
20260709,OJF,202607,28.33,28.75,28.33,28.75,0.32,1.13%,16,28.75,85,28.94,29.08,29.68,27.95,,一般,,2026-07-12 09:37:52,2026-07-12 09:37:52
20260709,OJF,202607/202608,0.12,0.17,0.12,0.17,-,-,6,-,-,0.09,0.16,0.17,0.07,,一般,1,2026-07-12 09:37:52,2026-07-12 09:37:52
20260709,OJF,202608,28.63,28.63,28.63,28.63,0.08,0.28%,16,28.63,57,29.09,29.24,29.26,27.97,,一般,,2026-07-12 09:37:52,2026-07-12 09:37:52
20260709,OJF,202609,-,-,-,-,-,-,0,28.54,0,-,-,28.98,28,,一般,,2026-07-12 09:37:52,2026-07-12 09:37:52
20260709,OJF,202612,-,-,-,-,-,-,0,28.51,0,-,-,-,-,,一般,,2026-07-12 09:37:52,2026-07-12 09:37:52
20260709,OJF,202703,-,-,-,-,-,-,0,28.56,0,-,-,-,-,,一般,,2026-07-12 09:37:52,2026-07-12 09:37:52
20260709,OKF,202607,17.69,18.19,17.63,18.19,0.54,3.06%,56,18.19,582,18.08,18.29,19.23,17.6,,一般,,2026-07-12 09:37:52,2026-07-12 09:37:52
20260709,OKF,202608,17.72,17.76,17.72,17.76,0.01,0.06%,3,17.76,26,18.16,18.37,19.06,17.72,,一般,,2026-07-12 09:37:52,2026-07-12 09:37:52
20260709,OKF,202609,-,-,-,-,-,-,0,17.71,0,-,-,18.49,17.9,,一般,,2026-07-12 09:37:52,2026-07-12 09:37:52
20260709,OKF,202612,-,-,-,-,-,-,0,17.73,0,-,-,-,-,,一般,,2026-07-12 09:37:52,2026-07-12 09:37:52
20260709,OKF,202703,-,-,-,-,-,-,0,17.77,0,-,-,-,-,,一般,,2026-07-12 09:37:52,2026-07-12 09:37:52
20260709,OLF,202607,3990,4135,3955,3990,25,0.63%,3985,3985,8858,3985,3990,5400,3345,,一般,,2026-07-12 09:37:52,2026-07-12 09:37:52
20260709,OLF,202607/202608,20.01,25.01,20.01,20.53,-,-,345,-,-,20.13,22.97,33.1,19.99,,一般,401,2026-07-12 09:37:52,2026-07-12 09:37:52
20260709,OLF,202608,4030,4155,3980,4010,25,0.63%,842,4010,2386,4005,4015,5395,3890,,一般,,2026-07-12 09:37:52,2026-07-12 09:37:52
20260709,OLF,202608/202609,45.01,45.01,45.01,45.01,-,-,2,-,-,1.01,45.01,45.01,45.01,,一般,0,2026-07-12 09:37:52,2026-07-12 09:37:52
20260709,OLF,202609,4100,4100,4050,4050,60,1.50%,5,4010,59,4000,4065,5340,2160,,一般,,2026-07-12 09:37:52,2026-07-12 09:37:52
20260709,OLF,202612,-,-,-,-,-,-,0,4015,25,4035,4150,5155,2180,,一般,,2026-07-12 09:37:52,2026-07-12 09:37:52
20260709,OLF,202703,-,-,-,-,-,-,0,4015,3,4000,4170,4395,2550,,一般,,2026-07-12 09:37:52,2026-07-12 09:37:52
20260709,OMF,202607,96.3,97,95.9,97,0.2,0.21%,64,97,74,-,97.2,101,89.9,,一般,,2026-07-12 09:37:52,2026-07-12 09:37:52
20260709,OMF,202608,-,-,-,-,-,-,0,97.1,2,-,98.2,101,93.5,,一般,,2026-07-12 09:37:52,2026-07-12 09:37:52
20260709,OMF,202609,-,-,-,-,-,-,0,97,0,-,-,-,-,,一般,,2026-07-12 09:37:52,2026-07-12 09:37:52
20260709,OMF,202612,-,-,-,-,-,-,0,97,0,-,-,-,-,,一般,,2026-07-12 09:37:52,2026-07-12 09:37:52
20260709,OMF,202703,-,-,-,-,-,-,0,97.1,0,-,-,-,-,,一般,,2026-07-12 09:37:52,2026-07-12 09:37:52
20260709,OOF,202607,19.67,19.93,19.67,19.93,-0.04,-0.20%,18,19.93,49,20.08,20.46,21.05,19.09,,一般,,2026-07-12 09:37:52,2026-07-12 09:37:52
20260709,OOF,202608,19.75,19.99,19.73,19.99,0.06,0.30%,12,19.99,60,20.1,20.49,20.9,19.73,,一般,,2026-07-12 09:37:52,2026-07-12 09:37:52
20260709,OOF,202609,-,-,-,-,-,-,0,19.83,0,-,-,-,-,,一般,,2026-07-12 09:37:52,2026-07-12 09:37:52
20260709,OOF,202612,-,-,-,-,-,-,0,19.87,0,-,-,-,-,,一般,,2026-07-12 09:37:52,2026-07-12 09:37:52
20260709,OOF,202703,-,-,-,-,-,-,0,19.89,0,-,-,-,-,,一般,,2026-07-12 09:37:52,2026-07-12 09:37:52
20260709,OPF,202607,2488,2545,2438,2460,23,0.94%,325,2471,585,2426,2469,2830,2215,,一般,,2026-07-12 09:37:52,2026-07-12 09:37:52
20260709,OPF,202607/202608,10.01,15,9.04,12.41,-,-,90,-,-,9.48,12.41,15.01,8.99,,一般,15,2026-07-12 09:37:52,2026-07-12 09:37:52
20260709,OPF,202608,2510,2550,2470,2470,28,1.15%,106,2489,220,2439,2482,2835,2360,,一般,,2026-07-12 09:37:52,2026-07-12 09:37:52
20260709,OPF,202609,-,-,-,-,-,-,0,2471,0,-,-,-,-,,一般,,2026-07-12 09:37:52,2026-07-12 09:37:52
20260709,OPF,202612,-,-,-,-,-,-,0,2471,1,-,-,2190,2190,,一般,,2026-07-12 09:37:52,2026-07-12 09:37:52
20260709,OPF,202703,-,-,-,-,-,-,0,2471,0,-,-,-,-,,一般,,2026-07-12 09:37:52,2026-07-12 09:37:52
20260709,OQF,202607,412,414,395.5,396,-10,-2.46%,96,396,223,394.5,413,420,348,,一般,,2026-07-12 09:37:52,2026-07-12 09:37:52
20260709,OQF,202607/202608,1,1,1,1,-,-,7,-,-,-6.01,2.49,2.29,1,,一般,0,2026-07-12 09:37:52,2026-07-12 09:37:52
20260709,OQF,202608,410,410,410,410,3,0.74%,8,406.5,164,397,415.5,410,379,,一般,,2026-07-12 09:37:52,2026-07-12 09:37:52
20260709,OQF,202609,-,-,-,-,-,-,0,392.5,2,395,426.5,400,400,,一般,,2026-07-12 09:37:52,2026-07-12 09:37:52
20260709,OQF,202612,-,-,-,-,-,-,0,392.5,0,-,-,-,-,,一般,,2026-07-12 09:37:52,2026-07-12 09:37:52
20260709,OQF,202703,-,-,-,-,-,-,0,392.5,0,-,-,-,-,,一般,,2026-07-12 09:37:52,2026-07-12 09:37:52
20260709,ORF,202607,51.9,55.1,51.9,55.1,5,9.98%,171,55.1,269,55.1,-,55.1,46.8,,一般,,2026-07-12 09:37:52,2026-07-12 09:37:52
20260709,ORF,202607/202608,-0.27,-0.27,-0.28,-0.28,-,-,17,-,-,-,-0.28,0.53,-0.28,,一般,9,2026-07-12 09:37:52,2026-07-12 09:37:52
20260709,ORF,202608,54.8,55.1,54.7,55.1,5,9.98%,36,55.1,197,55.1,-,55.1,49.5,,一般,,2026-07-12 09:37:52,2026-07-12 09:37:52
20260709,ORF,202609,-,-,-,-,-,-,0,55.2,0,55.2,-,-,-,,一般,,2026-07-12 09:37:52,2026-07-12 09:37:52
20260709,ORF,202612,-,-,-,-,-,-,0,54.8,0,54.8,-,-,-,,一般,,2026-07-12 09:37:52,2026-07-12 09:37:52
20260709,ORF,202703,-,-,-,-,-,-,0,55,0,-,-,-,-,,一般,,2026-07-12 09:37:52,2026-07-12 09:37:52
20260709,OSF,202607,10.8,10.8,10.3,10.3,-0.7,-6.36%,149,10.3,251,10.2,10.25,11.2,8.98,,一般,,2026-07-12 09:37:52,2026-07-12 09:37:52
20260709,OSF,202608,10.9,10.9,10.35,10.4,-0.65,-5.88%,21,10.4,91,10.35,10.4,11.3,9.55,,一般,,2026-07-12 09:37:52,2026-07-12 09:37:52
20260709,OSF,202609,-,-,-,-,-,-,0,10.25,4,-,-,10.4,9.7,,一般,,2026-07-12 09:37:52,2026-07-12 09:37:52
20260709,OSF,202612,-,-,-,-,-,-,0,10.25,0,-,-,-,-,,一般,,2026-07-12 09:37:52,2026-07-12 09:37:52
20260709,OSF,202703,-,-,-,-,-,-,0,10.25,0,10.65,-,-,-,,一般,,2026-07-12 09:37:52,2026-07-12 09:37:52
20260709,OTF,202607,2092,2124,2000,2028,-96,-4.52%,244,2020,390,1997,2030,2955,1840,,一般,,2026-07-12 09:37:52,2026-07-12 09:37:52
20260709,OTF,202607/202608,11.67,14.81,11.67,12.1,-,-,38,-,-,11.91,12.2,30.01,11.67,,一般,24,2026-07-12 09:37:52,2026-07-12 09:37:52
20260709,OTF,202608,2110,2130,2010,2027,-108,-5.06%,65,2027,766,2010,2043,2510,1920,,一般,,2026-07-12 09:37:52,2026-07-12 09:37:52
20260709,OTF,202609,-,-,-,-,-,-,0,2031,1,1990,2250,1550,1465,,一般,,2026-07-12 09:37:52,2026-07-12 09:37:52
20260709,OTF,202612,-,-,-,-,-,-,0,2030,1,-,-,2150,2150,,一般,,2026-07-12 09:37:52,2026-07-12 09:37:52
20260709,OTF,202703,-,-,-,-,-,-,0,2020,0,-,-,-,-,,一般,,2026-07-12 09:37:52,2026-07-12 09:37:52
20260709,OUF,202607,-,-,-,-,-,-,0,47.45,11,43.85,-,53.4,49,,一般,,2026-07-12 09:37:52,2026-07-12 09:37:52
20260709,OUF,202608,-,-,-,-,-,-,0,47.55,1,43.85,-,51.8,51.8,,一般,,2026-07-12 09:37:52,2026-07-12 09:37:52
20260709,OUF,202609,-,-,-,-,-,-,0,47.45,0,-,-,-,-,,一般,,2026-07-12 09:37:52,2026-07-12 09:37:52
20260709,OUF,202612,-,-,-,-,-,-,0,47.15,0,-,-,-,-,,一般,,2026-07-12 09:37:52,2026-07-12 09:37:52
20260709,OUF,202703,-,-,-,-,-,-,0,47.35,0,-,-,-,-,,一般,,2026-07-12 09:37:52,2026-07-12 09:37:52
20260709,OVF,202607,1665,1685,1558,1565,-100,-6.01%,644,1565,1505,1563,1565,1995,1415,,一般,,2026-07-12 09:37:52,2026-07-12 09:37:52
20260709,OVF,202607/202608,9.15,14.84,7.01,7.01,-,-,223,-,-,6.99,7.99,14.84,7.01,,一般,46,2026-07-12 09:37:52,2026-07-12 09:37:52
20260709,OVF,202608,1650,1668,1570,1573,-93,-5.58%,279,1573,599,1571,1573,1930,1525,,一般,,2026-07-12 09:37:52,2026-07-12 09:37:52
20260709,OVF,202609,-,-,-,-,-,-,0,1553,3,-,-,1835,480,,一般,,2026-07-12 09:37:52,2026-07-12 09:37:52
20260709,OVF,202612,-,-,-,-,-,-,0,1560,0,-,-,615,503,,一般,,2026-07-12 09:37:52,2026-07-12 09:37:52
20260709,OVF,202703,-,-,-,-,-,-,0,1560,0,-,-,-,-,,一般,,2026-07-12 09:37:52,2026-07-12 09:37:52
20260709,OWF,202607,1267,1380,1267,1375,120,9.56%,2147,1375,2418,1372,1375,1391,727,,一般,,2026-07-12 09:37:52,2026-07-12 09:37:52
20260709,OWF,202607/202608,0,0.77,-1.5,0,-,-,196,-,-,0.01,0.46,5.5,-1.5,,一般,80,2026-07-12 09:37:52,2026-07-12 09:37:52
20260709,OWF,202608,1300,1378,1290,1375,122,9.74%,286,1370,730,1372,1376,1402,895,,一般,,2026-07-12 09:37:52,2026-07-12 09:37:52
20260709,OWF,202609,1360,1360,1360,1360,104,8.28%,1,1360,9,1348,-,1360,403,,一般,,2026-07-12 09:37:52,2026-07-12 09:37:52
20260709,OWF,202612,-,-,-,-,-,-,0,1384,3,1343,-,700,674,,一般,,2026-07-12 09:37:52,2026-07-12 09:37:52
20260709,OWF,202703,-,-,-,-,-,-,0,1367,1,1342,1391,1215,600,,一般,,2026-07-12 09:37:52,2026-07-12 09:37:52
20260709,OXF,202607,2900,2995,2815,2830,-50,-1.74%,51,2845,53,2780,-,3905,2780,,一般,,2026-07-12 09:37:52,2026-07-12 09:37:52
20260709,OXF,202607/202608,15.81,20.01,15.81,18.99,-,-,14,-,-,14.99,18.99,25.01,15.81,,一般,0,2026-07-12 09:37:52,2026-07-12 09:37:52
20260709,OXF,202608,2885,-,-,2885,0,0.00%,14,2865,33,2790,-,3535,2840,,一般,,2026-07-12 09:37:52,2026-07-12 09:37:52
20260709,OXF,202609,-,-,-,-,-,-,0,2820,0,-,-,-,-,,一般,,2026-07-12 09:37:52,2026-07-12 09:37:52
20260709,OXF,202612,-,-,-,-,-,-,0,2820,0,-,-,-,-,,一般,,2026-07-12 09:37:52,2026-07-12 09:37:52
20260709,OXF,202703,-,-,-,-,-,-,0,2820,0,-,-,-,-,,一般,,2026-07-12 09:37:52,2026-07-12 09:37:52
20260709,OYF,202607,2970,3030,2835,2845,-35,-1.22%,312,2845,1049,2845,2900,3830,2755,,一般,,2026-07-12 09:37:52,2026-07-12 09:37:52
20260709,OYF,202607/202608,14.99,18.99,14.99,18.99,-,-,24,-,-,15.2,18.98,25.01,14.99,,一般,24,2026-07-12 09:37:52,2026-07-12 09:37:52
20260709,OYF,202608,3000,3020,2865,2865,-20,-0.69%,48,2865,349,2865,2920,3630,2800,,一般,,2026-07-12 09:37:52,2026-07-12 09:37:52
20260709,OYF,202609,-,-,-,-,-,-,0,2820,2,2740,3005,3655,3470,,一般,,2026-07-12 09:37:52,2026-07-12 09:37:52
20260709,OYF,202612,-,-,-,-,-,-,0,2820,0,2740,-,-,-,,一般,,2026-07-12 09:37:52,2026-07-12 09:37:52
20260709,OYF,202703,-,-,-,-,-,-,0,2820,0,2740,-,-,-,,一般,,2026-07-12 09:37:52,2026-07-12 09:37:52
20260709,OZF,202607,639,686,630,682,49,7.74%,3579,681,2463,681,683,734,525,,一般,,2026-07-12 09:37:52,2026-07-12 09:37:52
20260709,OZF,202607/202608,3.36,3.47,3.29,3.38,-,-,218,-,-,3.38,3.39,3.8,2.99,,一般,288,2026-07-12 09:37:52,2026-07-12 09:37:52
20260709,OZF,202608,638,689,636,685,51,8.04%,597,685,1168,684,687,722,628,,一般,,2026-07-12 09:37:52,2026-07-12 09:37:52
20260709,OZF,202609,-,-,-,-,-,-,0,682,3,660,697,690,666,,一般,,2026-07-12 09:37:52,2026-07-12 09:37:52
20260709,OZF,202612,-,-,-,-,-,-,0,677,0,677,-,438,343.5,,一般,,2026-07-12 09:37:52,2026-07-12 09:37:52
20260709,OZF,202703,-,-,-,-,-,-,0,676,0,-,-,-,-,,一般,,2026-07-12 09:37:52,2026-07-12 09:37:52
20260709,PAF,202607,229,229,220.5,222,-8,-3.48%,141,222,262,221.5,223,252,204,,一般,,2026-07-12 09:37:52,2026-07-12 09:37:52
20260709,PAF,202607/202608,1.8,2.01,1.8,1.81,-,-,14,-,-,0.2,1.35,2.01,0.49,,一般,8,2026-07-12 09:37:52,2026-07-12 09:37:52
20260709,PAF,202608,226.5,226.5,221.5,223.5,-7.5,-3.25%,23,223.5,59,222.5,224.5,248.5,216.5,,一般,,2026-07-12 09:37:52,2026-07-12 09:37:52
20260709,PAF,202609,-,-,-,-,-,-,0,223,8,214,231,240,209,,一般,,2026-07-12 09:37:52,2026-07-12 09:37:52
20260709,PAF,202612,-,-,-,-,-,-,0,221,0,214,-,197,190.5,,一般,,2026-07-12 09:37:52,2026-07-12 09:37:52
20260709,PAF,202703,-,-,-,-,-,-,0,221,0,214,-,-,-,,一般,,2026-07-12 09:37:52,2026-07-12 09:37:52
20260709,PBF,202607,1269,1380,1260,1376,121,9.64%,8191,1375,5995,1375,1376,1391,718,,一般,,2026-07-12 09:37:52,2026-07-12 09:37:52
20260709,PBF,202607/202608,1,1.01,0,0,-,-,108,-,-,-,0,5.59,-1.01,,一般,272,2026-07-12 09:37:52,2026-07-12 09:37:52
20260709,PBF,202608,1280,1378,1280,1370,117,9.34%,890,1370,1420,1369,1375,1401,885,,一般,,2026-07-12 09:37:52,2026-07-12 09:37:52
20260709,PBF,202609,1379,1381,1370,1370,114,9.08%,6,1360,29,1329,-,1381,337.5,,一般,,2026-07-12 09:37:52,2026-07-12 09:37:52
20260709,PBF,202612,-,-,-,-,-,-,0,1384,12,1347,-,1402,453,,一般,,2026-07-12 09:37:52,2026-07-12 09:37:52
20260709,PBF,202703,-,-,-,-,-,-,0,1367,0,1328,-,710,710,,一般,,2026-07-12 09:37:52,2026-07-12 09:37:52
20260709,PCF,202607,62.7,64.4,62.7,64.3,0.7,1.10%,4,64.3,9,62.9,-,65.5,56.6,,一般,,2026-07-12 09:37:52,2026-07-12 09:37:52
20260709,PCF,202608,-,-,-,-,-,-,0,64.1,0,63.6,-,-,-,,一般,,2026-07-12 09:37:52,2026-07-12 09:37:52
20260709,PCF,202609,-,-,-,-,-,-,0,64.2,1,-,-,60,60,,一般,,2026-07-12 09:37:52,2026-07-12 09:37:52
20260709,PCF,202612,-,-,-,-,-,-,0,63.8,2,-,-,72,64,,一般,,2026-07-12 09:37:52,2026-07-12 09:37:52
20260709,PCF,202703,-,-,-,-,-,-,0,63.8,0,-,-,-,-,,一般,,2026-07-12 09:37:52,2026-07-12 09:37:52
20260709,PDF,202607,-,-,-,-,-,-,0,127,1,119,130,127,122.5,,一般,,2026-07-12 09:37:52,2026-07-12 09:37:52
20260709,PDF,202608,-,-,-,-,-,-,0,128,0,120,131.5,-,-,,一般,,2026-07-12 09:37:52,2026-07-12 09:37:52
20260709,PDF,202609,-,-,-,-,-,-,0,127,0,-,-,-,-,,一般,,2026-07-12 09:37:52,2026-07-12 09:37:52
20260709,PDF,202612,-,-,-,-,-,-,0,127.5,0,-,-,-,-,,一般,,2026-07-12 09:37:52,2026-07-12 09:37:52
20260709,PDF,202703,-,-,-,-,-,-,0,127.5,0,-,-,-,-,,一般,,2026-07-12 09:37:52,2026-07-12 09:37:52
20260709,PEF,202607,138,138,128,130.5,-5.5,-4.04%,2988,130.5,4920,130,130.5,147,85.3,,一般,,2026-07-12 09:37:52,2026-07-12 09:37:52
20260709,PEF,202607/202608,0.76,0.83,0.7,0.7,-,-,644,-,-,0.7,0.71,1.01,0.49,,一般,183,2026-07-12 09:37:52,2026-07-12 09:37:52
20260709,PEF,202608,138.5,138.5,129,131,-6,-4.38%,850,131,1180,130.5,131.5,147,109,,一般,,2026-07-12 09:37:52,2026-07-12 09:37:52
20260709,PEF,202609,-,-,-,-,-,-,0,130,27,125.5,136.5,145,53,,一般,,2026-07-12 09:37:52,2026-07-12 09:37:52
20260709,PEF,202612,-,-,-,-,-,-,0,128.5,2,125.5,-,61.6,61.6,,一般,,2026-07-12 09:37:52,2026-07-12 09:37:52
20260709,PEF,202703,-,-,-,-,-,-,0,129,1,125.5,136.5,140.5,140.5,,一般,,2026-07-12 09:37:52,2026-07-12 09:37:52
20260709,PFF,202607,52.8,53,52.4,52.65,0.25,0.48%,91,52.65,308,52.65,53,55.3,46.57,,一般,,2026-07-12 09:37:52,2026-07-12 09:37:52
20260709,PFF,202608,52.8,53.2,52.55,52.9,0.3,0.57%,44,52.9,138,52.9,53.1,54.35,51.95,,一般,,2026-07-12 09:37:52,2026-07-12 09:37:52
20260709,PFF,202609,-,-,-,-,-,-,0,52.75,12,52.85,-,54.4,37.45,,一般,,2026-07-12 09:37:52,2026-07-12 09:37:52
20260709,PFF,202612,-,-,-,-,-,-,0,53,6,52.85,-,53.85,38.54,,一般,,2026-07-12 09:37:52,2026-07-12 09:37:52
20260709,PFF,202703,-,-,-,-,-,-,0,53.1,1,52.85,-,53.2,53.2,,一般,,2026-07-12 09:37:52,2026-07-12 09:37:52
20260709,PGF,202607,26.5,26.55,26.35,26.55,0.15,0.57%,47,26.55,146,26.4,26.55,26.9,25,,一般,,2026-07-12 09:37:52,2026-07-12 09:37:52
20260709,PGF,202608,26.5,26.6,26.5,26.6,0,0.00%,4,26.6,8,26.55,26.7,26.6,26.5,,一般,,2026-07-12 09:37:52,2026-07-12 09:37:52
20260709,PGF,202609,-,-,-,-,-,-,0,26.5,0,26.55,-,-,-,,一般,,2026-07-12 09:37:52,2026-07-12 09:37:52
20260709,PGF,202612,-,-,-,-,-,-,0,26.5,0,-,-,-,-,,一般,,2026-07-12 09:37:52,2026-07-12 09:37:52
20260709,PGF,202703,-,-,-,-,-,-,0,26.4,0,-,-,-,-,,一般,,2026-07-12 09:37:52,2026-07-12 09:37:52
20260709,PHF,202607,1490,1501,1461,1461,-53,-3.50%,40,1470,156,1450,1480,1610,1310,,一般,,2026-07-12 09:37:52,2026-07-12 09:37:52
20260709,PHF,202607/202608,0,0,-14.7,-14.7,-,-,26,-,-,-13.4,-7.01,9,-14.7,,一般,3,2026-07-12 09:37:52,2026-07-12 09:37:52
20260709,PHF,202608,1500,1500,1460,1460,-53,-3.50%,29,1469,92,1436,1473,1520,1460,,一般,,2026-07-12 09:37:52,2026-07-12 09:37:52
20260709,PHF,202609,-,-,-,-,-,-,0,1475,0,-,-,-,-,,一般,,2026-07-12 09:37:52,2026-07-12 09:37:52
20260709,PHF,202612,-,-,-,-,-,-,0,1460,0,-,-,-,-,,一般,,2026-07-12 09:37:52,2026-07-12 09:37:52
20260709,PHF,202703,-,-,-,-,-,-,0,1460,0,-,-,-,-,,一般,,2026-07-12 09:37:52,2026-07-12 09:37:52
20260709,PIF,202607,2670,2675,2605,2645,-35,-1.31%,18,2645,33,2585,-,3420,2605,,一般,,2026-07-12 09:37:52,2026-07-12 09:37:52
20260709,PIF,202607/202608,13,13,13,13,-,-,1,-,-,5,13,13,10.1,,一般,0,2026-07-12 09:37:52,2026-07-12 09:37:52
20260709,PIF,202608,2700,-,-,2700,0,0.00%,1,2650,3,2590,-,2840,2840,,一般,,2026-07-12 09:37:52,2026-07-12 09:37:52
20260709,PIF,202609,-,-,-,-,-,-,0,2645,0,-,-,1910,1880,,一般,,2026-07-12 09:37:52,2026-07-12 09:37:52
20260709,PIF,202612,-,-,-,-,-,-,0,2605,0,-,-,-,-,,一般,,2026-07-12 09:37:52,2026-07-12 09:37:52
20260709,PIF,202703,-,-,-,-,-,-,0,2605,0,-,-,-,-,,一般,,2026-07-12 09:37:52,2026-07-12 09:37:52
20260709,PJF,202607,5425,5535,5265,5280,-100,-1.86%,219,5300,263,5275,5445,6285,4715,,一般,,2026-07-12 09:37:52,2026-07-12 09:37:52
20260709,PJF,202607/202608,29.58,40.01,29.58,32,-,-,20,-,-,21.62,32,40.01,25.07,,一般,1,2026-07-12 09:37:52,2026-07-12 09:37:52
20260709,PJF,202608,5455,5455,5455,5455,55,1.02%,21,5335,124,5310,5480,5980,5290,,一般,,2026-07-12 09:37:52,2026-07-12 09:37:52
20260709,PJF,202609,-,-,-,-,-,-,0,5300,0,5310,-,-,-,,一般,,2026-07-12 09:37:52,2026-07-12 09:37:52
20260709,PJF,202612,-,-,-,-,-,-,0,5325,0,-,-,-,-,,一般,,2026-07-12 09:37:52,2026-07-12 09:37:52
20260709,PJF,202703,-,-,-,-,-,-,0,5325,0,-,-,-,-,,一般,,2026-07-12 09:37:52,2026-07-12 09:37:52
20260709,PKF,202607,280,295,267,274,-1,-0.36%,2800,274,2101,274,275,368,173,,一般,,2026-07-12 09:37:52,2026-07-12 09:37:52
20260709,PKF,202607/202608,1.75,1.81,1.15,1.65,-,-,227,-,-,1.24,1.65,2.14,1.15,,一般,205,2026-07-12 09:37:52,2026-07-12 09:37:52
20260709,PKF,202608,280,295,268.5,275.5,2.5,0.92%,475,275.5,728,275,277,365.5,268.5,,一般,,2026-07-12 09:37:52,2026-07-12 09:37:52
20260709,PKF,202609,-,-,-,-,-,-,0,274.5,0,265,284.5,286.5,124,,一般,,2026-07-12 09:37:52,2026-07-12 09:37:52
20260709,PKF,202612,-,-,-,-,-,-,0,270.5,3,265,286.5,337.5,84.2,,一般,,2026-07-12 09:37:52,2026-07-12 09:37:52
20260709,PKF,202703,-,-,-,-,-,-,0,272.5,4,265,286.5,348.5,136.5,,一般,,2026-07-12 09:37:52,2026-07-12 09:37:52
20260709,PL1,202612,-,-,-,-,-,-,0,175,1,-,-,163.5,38.05,,一般,,2026-07-12 09:37:52,2026-07-12 09:37:52
20260709,PLF,202607,166,175,160,173.5,11.5,7.10%,21963,173.5,14087,173.5,174,178,62.8,,一般,,2026-07-12 09:37:52,2026-07-12 09:37:52
20260709,PLF,202607/202608,0.3,0.51,0.28,0.49,-,-,1044,-,-,0.49,0.51,1.01,-0.28,,一般,1340,2026-07-12 09:37:52,2026-07-12 09:37:52
20260709,PLF,202608,166.5,175,160.5,174,11.5,7.08%,2938,174,3379,173.5,174.5,178,106.5,,一般,,2026-07-12 09:37:52,2026-07-12 09:37:52
20260709,PLF,202609,170,170,170,170,9,5.59%,1,175,21,174,175.5,170,39,,一般,,2026-07-12 09:37:52,2026-07-12 09:37:52
20260709,PLF,202612,-,-,-,-,-,-,0,173.5,1,167.5,-,56.6,43.5,,一般,,2026-07-12 09:37:52,2026-07-12 09:37:52
20260709,PLF,202703,-,-,-,-,-,-,0,174.5,3,167.5,174.5,174,44.5,,一般,,2026-07-12 09:37:52,2026-07-12 09:37:52
20260709,PMF,202607,-,-,-,-,-,-,0,115.5,17,109,115.5,122,111.5,,一般,,2026-07-12 09:37:52,2026-07-12 09:37:52
20260709,PMF,202608,-,-,-,-,-,-,0,115.5,1,109,116.5,111.5,111.5,,一般,,2026-07-12 09:37:52,2026-07-12 09:37:52
20260709,PMF,202609,-,-,-,-,-,-,0,115.5,0,-,-,-,-,,一般,,2026-07-12 09:37:52,2026-07-12 09:37:52
20260709,PMF,202612,-,-,-,-,-,-,0,114.5,2,-,-,145,125,,一般,,2026-07-12 09:37:52,2026-07-12 09:37:52
20260709,PMF,202703,-,-,-,-,-,-,0,116.5,0,-,-,-,-,,一般,,2026-07-12 09:37:52,2026-07-12 09:37:52
20260709,PNF,202607,1515,1516,1460,1470,-44,-2.91%,573,1470,2408,1468,1474,1665,1255,,一般,,2026-07-12 09:37:52,2026-07-12 09:37:52
20260709,PNF,202607/202608,2.51,2.51,-0.5,0.67,-,-,125,-,-,-0.7,0.35,15.01,-0.5,,一般,89,2026-07-12 09:37:52,2026-07-12 09:37:52
20260709,PNF,202608,1519,1519,1464,1469,-44,-2.91%,243,1469,593,1469,1473,1590,1345,,一般,,2026-07-12 09:37:52,2026-07-12 09:37:52
20260709,PNF,202609,-,-,-,-,-,-,0,1475,16,1458,1531,1590,1090,,一般,,2026-07-12 09:37:52,2026-07-12 09:37:52
20260709,PNF,202612,-,-,-,-,-,-,0,1460,1,1423,1600,1430,1050,,一般,,2026-07-12 09:37:52,2026-07-12 09:37:52
20260709,PNF,202703,-,-,-,-,-,-,0,1460,1,1414,1544,1550,1385,,一般,,2026-07-12 09:37:52,2026-07-12 09:37:52
20260709,PPF,202607,33.85,34.05,33.85,34,0.45,1.34%,24,33.3,75,30.9,-,40.55,29,,一般,,2026-07-12 09:37:52,2026-07-12 09:37:52
20260709,PPF,202607/202608,0,0.02,0,0.02,-,-,21,-,-,0,0.05,0.25,0,,一般,0,2026-07-12 09:37:52,2026-07-12 09:37:52
20260709,PPF,202608,33.5,-,-,33.5,0,0.00%,21,33.25,23,30.9,-,38.25,34.95,,一般,,2026-07-12 09:37:52,2026-07-12 09:37:52
20260709,PPF,202609,-,-,-,-,-,-,0,33.3,0,-,-,-,-,,一般,,2026-07-12 09:37:52,2026-07-12 09:37:52
20260709,PPF,202612,-,-,-,-,-,-,0,33.25,0,-,-,-,-,,一般,,2026-07-12 09:37:52,2026-07-12 09:37:52
20260709,PPF,202703,-,-,-,-,-,-,0,33.15,0,-,-,-,-,,一般,,2026-07-12 09:37:52,2026-07-12 09:37:52
20260709,PQF,202607,534,564,528,535,4,0.75%,1286,535,2372,532,535,758,510,,一般,,2026-07-12 09:37:52,2026-07-12 09:37:52
20260709,PQF,202607/202608,2.01,2.01,1.63,1.75,-,-,200,-,-,1.74,1.75,6.5,1.58,,一般,96,2026-07-12 09:37:52,2026-07-12 09:37:52
20260709,PQF,202608,554,562,530,536,7,1.32%,317,536,941,533,537,722,513,,一般,,2026-07-12 09:37:52,2026-07-12 09:37:52
20260709,PQF,202609,-,-,-,-,-,-,0,530,25,514,-,690,234.5,,一般,,2026-07-12 09:37:52,2026-07-12 09:37:52
20260709,PQF,202612,-,-,-,-,-,-,0,550,3,-,-,726,253.5,,一般,,2026-07-12 09:37:52,2026-07-12 09:37:52
20260709,PQF,202703,-,-,-,-,-,-,0,530,2,-,-,397,397,,一般,,2026-07-12 09:37:52,2026-07-12 09:37:52
20260709,PRF,202607,140.5,141.5,135,135,-3.5,-2.53%,43,135,363,135.5,136,182.5,134.5,,一般,,2026-07-12 09:37:52,2026-07-12 09:37:52
20260709,PRF,202607/202608,0.45,0.45,0.45,0.45,-,-,1,-,-,0.5,1.24,0.99,0.45,,一般,6,2026-07-12 09:37:52,2026-07-12 09:37:52
20260709,PRF,202608,139.5,139.5,136,136,-2,-1.45%,11,136,36,136,137.5,173.5,136,,一般,,2026-07-12 09:37:52,2026-07-12 09:37:52
20260709,PRF,202609,-,-,-,-,-,-,0,136,0,131,-,-,-,,一般,,2026-07-12 09:37:52,2026-07-12 09:37:52
20260709,PRF,202612,-,-,-,-,-,-,0,136,0,131,-,-,-,,一般,,2026-07-12 09:37:52,2026-07-12 09:37:52
20260709,PRF,202703,-,-,-,-,-,-,0,136,0,131,-,-,-,,一般,,2026-07-12 09:37:52,2026-07-12 09:37:52
20260709,PSF,202607,90.3,90.9,87.9,87.9,-0.8,-0.90%,1070,87.9,3957,87.8,88.1,104,81.7,,一般,,2026-07-12 09:37:52,2026-07-12 09:37:52
20260709,PSF,202607/202608,-0.3,-0.19,-0.49,-0.49,-,-,308,-,-,-0.47,-0.45,0.41,-0.49,,一般,86,2026-07-12 09:37:52,2026-07-12 09:37:52
20260709,PSF,202608,90.1,90.6,87.5,87.5,-0.5,-0.57%,426,87.5,1616,87.3,87.7,94,82,,一般,,2026-07-12 09:37:52,2026-07-12 09:37:52
20260709,PSF,202609,-,-,-,-,-,-,0,88.2,5,85.5,90.9,97.5,81.5,,一般,,2026-07-12 09:37:52,2026-07-12 09:37:52
20260709,PSF,202612,-,-,-,-,-,-,0,89.1,2,84.5,90.6,89.2,78.7,,一般,,2026-07-12 09:37:52,2026-07-12 09:37:52
20260709,PSF,202703,-,-,-,-,-,-,0,88.7,1,84.5,-,82,82,,一般,,2026-07-12 09:37:52,2026-07-12 09:37:52
20260709,PTF,202607,922,939,906,909,-14,-1.52%,214,909,544,907,914,1300,899,,一般,,2026-07-12 09:37:52,2026-07-12 09:37:52
20260709,PTF,202607/202608,0.5,0.5,0.3,0.5,-,-,24,-,-,0.03,0.5,15.26,0.3,,一般,2,2026-07-12 09:37:52,2026-07-12 09:37:52
20260709,PTF,202608,919,925,919,925,1,0.11%,26,916,593,907,915,1070,916,,一般,,2026-07-12 09:37:52,2026-07-12 09:37:52
20260709,PTF,202609,-,-,-,-,-,-,0,923,3,-,-,1015,939,,一般,,2026-07-12 09:37:52,2026-07-12 09:37:52
20260709,PTF,202612,-,-,-,-,-,-,0,917,0,-,-,-,-,,一般,,2026-07-12 09:37:52,2026-07-12 09:37:52
20260709,PTF,202703,-,-,-,-,-,-,0,924,0,-,-,-,-,,一般,,2026-07-12 09:37:52,2026-07-12 09:37:52
20260709,PUF,202607,4045,4055,3905,3915,-105,-2.61%,6651,3915,16556,3905,3910,4935,3465,,一般,,2026-07-12 09:37:52,2026-07-12 09:37:52
20260709,PUF,202607/202608,27.71,28.36,27.71,28.24,-,-,479,-,-,28.23,28.24,37,20.01,,一般,1013,2026-07-12 09:37:52,2026-07-12 09:37:52
20260709,PUF,202608,4100,4100,3935,3940,-100,-2.48%,2402,3935,6181,3930,3940,4955,3840,,一般,,2026-07-12 09:37:52,2026-07-12 09:37:52
20260709,PUF,202609,4015,4015,4015,4015,-105,-2.55%,1,4015,327,4000,4040,4955,1200,,一般,,2026-07-12 09:37:52,2026-07-12 09:37:52
20260709,PUF,202612,4110,4110,4110,4110,-10,-0.24%,1,4025,185,4025,4190,4855,1480,,一般,,2026-07-12 09:37:52,2026-07-12 09:37:52
20260709,PUF,202703,-,-,-,-,-,-,0,4100,108,4100,4240,4900,2260,,一般,,2026-07-12 09:37:52,2026-07-12 09:37:52
20260709,PVF,202607,5095,5235,4965,5030,-60,-1.18%,237,5055,439,5030,5120,5830,4240,,一般,,2026-07-12 09:37:52,2026-07-12 09:37:52
20260709,PVF,202607/202608,15.01,15.01,9.99,14.99,-,-,50,-,-,10.01,15,33,9.99,,一般,25,2026-07-12 09:37:52,2026-07-12 09:37:52
20260709,PVF,202608,5140,5195,5120,5165,70,1.37%,76,5075,685,5040,5135,5240,4610,,一般,,2026-07-12 09:37:52,2026-07-12 09:37:52
20260709,PVF,202609,-,-,-,-,-,-,0,5070,0,-,-,-,-,,一般,,2026-07-12 09:37:52,2026-07-12 09:37:52
20260709,PVF,202612,-,-,-,-,-,-,0,5090,0,-,-,-,-,,一般,,2026-07-12 09:37:52,2026-07-12 09:37:52
20260709,PVF,202703,-,-,-,-,-,-,0,5090,0,-,-,-,-,,一般,,2026-07-12 09:37:52,2026-07-12 09:37:52
20260709,PWF,202607,5120,5235,4965,5060,-30,-0.59%,3774,5055,5288,5055,5060,5925,4240,,一般,,2026-07-12 09:37:52,2026-07-12 09:37:52
20260709,PWF,202607/202608,15.01,16.24,14.99,15,-,-,409,-,-,14.99,15.01,33,10.01,,一般,206,2026-07-12 09:37:52,2026-07-12 09:37:52
20260709,PWF,202608,5110,5250,5000,5075,-20,-0.39%,649,5075,2367,5065,5080,5350,4275,,一般,,2026-07-12 09:37:52,2026-07-12 09:37:52
20260709,PWF,202609,-,-,-,-,-,-,0,5070,11,5060,5250,5880,3500,,一般,,2026-07-12 09:37:52,2026-07-12 09:37:52
20260709,PWF,202612,-,-,-,-,-,-,0,5090,2,5050,-,5460,3835,,一般,,2026-07-12 09:37:52,2026-07-12 09:37:52
20260709,PWF,202703,-,-,-,-,-,-,0,5090,1,5050,-,4600,4600,,一般,,2026-07-12 09:37:52,2026-07-12 09:37:52
20260709,PXF,202607,738,742,738,742,-5,-0.67%,6,743,89,713,753,822,732,,一般,,2026-07-12 09:37:52,2026-07-12 09:37:52
20260709,PXF,202608,-,-,-,-,-,-,0,747,17,713,760,810,762,,一般,,2026-07-12 09:37:52,2026-07-12 09:37:52
20260709,PXF,202609,-,-,-,-,-,-,0,747,0,688,779,-,-,,一般,,2026-07-12 09:37:52,2026-07-12 09:37:52
20260709,PXF,202612,-,-,-,-,-,-,0,743,0,688,-,-,-,,一般,,2026-07-12 09:37:52,2026-07-12 09:37:52
20260709,PXF,202703,-,-,-,-,-,-,0,738,0,688,-,-,-,,一般,,2026-07-12 09:37:52,2026-07-12 09:37:52
20260709,PYF,202607,743,747,735,742,-5,-0.67%,365,743,1818,741,742,835,725,,一般,,2026-07-12 09:37:52,2026-07-12 09:37:52
20260709,PYF,202607/202608,4.5,4.5,4.5,4.5,-,-,13,-,-,3,4.5,5.16,3.99,,一般,23,2026-07-12 09:37:52,2026-07-12 09:37:52
20260709,PYF,202608,745,751,740,748,-3,-0.40%,66,747,345,745,747,820,736,,一般,,2026-07-12 09:37:52,2026-07-12 09:37:52
20260709,PYF,202609,-,-,-,-,-,-,0,747,9,744,768,786,694,,一般,,2026-07-12 09:37:52,2026-07-12 09:37:52
20260709,PYF,202612,-,-,-,-,-,-,0,743,12,740,781,828,695,,一般,,2026-07-12 09:37:52,2026-07-12 09:37:52
20260709,PYF,202703,-,-,-,-,-,-,0,738,0,740,-,-,-,,一般,,2026-07-12 09:37:52,2026-07-12 09:37:52
20260709,PZ1,202607,-,-,-,-,-,-,0,13665,5,-,-,17775,16565,,一般,,2026-07-12 09:37:52,2026-07-12 09:37:52
20260709,PZ1,202608,-,-,-,-,-,-,0,13760,3,-,-,-,-,,一般,,2026-07-12 09:37:52,2026-07-12 09:37:52
20260709,PZF,202607,-,-,-,-,-,-,0,13665,1,-,-,15575,15575,,一般,,2026-07-12 09:37:52,2026-07-12 09:37:52
20260709,PZF,202608,-,-,-,-,-,-,0,13760,1,-,-,-,-,,一般,,2026-07-12 09:37:52,2026-07-12 09:37:52
20260709,PZF,202609,-,-,-,-,-,-,0,13675,0,-,-,-,-,,一般,,2026-07-12 09:37:52,2026-07-12 09:37:52
20260709,PZF,202612,-,-,-,-,-,-,0,13660,0,-,-,-,-,,一般,,2026-07-12 09:37:52,2026-07-12 09:37:52
20260709,PZF,202703,-,-,-,-,-,-,0,13695,0,-,-,-,-,,一般,,2026-07-12 09:37:52,2026-07-12 09:37:52
20260709,QA1,202607,13740,14110,13600,13700,-300,-2.14%,26,13665,372,13510,13700,19990,13600,,一般,,2026-07-12 09:37:52,2026-07-12 09:37:52
20260709,QA1,202607/202608,75.53,75.58,75.53,75.58,-,-,3,-,-,68,138.52,110.01,1.11,,一般,1,2026-07-12 09:37:52,2026-07-12 09:37:52
20260709,QA1,202608,14120,14120,14120,14120,120,0.86%,4,13760,66,13575,13840,19485,14000,,一般,,2026-07-12 09:37:52,2026-07-12 09:37:52
20260709,QA1,202609,-,-,-,-,-,-,0,13675,6,-,-,17125,5665,,一般,,2026-07-12 09:37:52,2026-07-12 09:37:52
20260709,QA1,202612,-,-,-,-,-,-,0,13660,2,-,-,19635,9045,,一般,,2026-07-12 09:37:52,2026-07-12 09:37:52
20260709,QAF,202607,14000,14265,13550,13665,-335,-2.39%,147,13665,147,13670,13695,15605,13550,,一般,,2026-07-12 09:37:52,2026-07-12 09:37:52
20260709,QAF,202607/202608,80,123,80,123,-,-,19,-,-,54,119.5,123,80,,一般,6,2026-07-12 09:37:52,2026-07-12 09:37:52
20260709,QAF,202608,14080,14080,13760,13760,-240,-1.71%,25,13760,67,13760,13815,15450,13760,,一般,,2026-07-12 09:37:52,2026-07-12 09:37:52
20260709,QAF,202609,-,-,-,-,-,-,0,13675,0,13755,-,-,-,,一般,,2026-07-12 09:37:52,2026-07-12 09:37:52
20260709,QAF,202612,-,-,-,-,-,-,0,13660,0,12800,-,-,-,,一般,,2026-07-12 09:37:52,2026-07-12 09:37:52
20260709,QAF,202703,-,-,-,-,-,-,0,13695,0,-,-,-,-,,一般,,2026-07-12 09:37:52,2026-07-12 09:37:52
20260709,QBF,202607,62.4,65.6,61.2,63.9,2.1,3.40%,793,63.9,1111,63.8,64.2,86.9,59.7,,一般,,2026-07-12 09:37:52,2026-07-12 09:37:52
20260709,QBF,202607/202608,0.07,0.07,0.03,0.03,-,-,97,-,-,0.01,0.03,0.31,0.03,,一般,18,2026-07-12 09:37:52,2026-07-12 09:37:52
20260709,QBF,202608,62.7,65.5,61.9,64.3,2.8,4.55%,120,64.3,165,63.8,64.3,74.7,60.1,,一般,,2026-07-12 09:37:52,2026-07-12 09:37:52
20260709,QBF,202609,-,-,-,-,-,-,0,63.7,1,61.7,-,74.5,74.5,,一般,,2026-07-12 09:37:52,2026-07-12 09:37:52
20260709,QBF,202612,-,-,-,-,-,-,0,63.7,2,61.7,-,79,50.8,,一般,,2026-07-12 09:37:52,2026-07-12 09:37:52
20260709,QBF,202703,-,-,-,-,-,-,0,64.1,0,61.7,-,-,-,,一般,,2026-07-12 09:37:52,2026-07-12 09:37:52
20260709,QCF,202607,63,63.8,62.3,62.9,-0.1,-0.16%,72,62.9,493,63,63.6,74,59.3,,一般,,2026-07-12 09:37:52,2026-07-12 09:37:52
20260709,QCF,202607/202608,0.36,0.4,0.1,0.38,-,-,32,-,-,0.11,0.4,0.4,0.09,,一般,2,2026-07-12 09:37:52,2026-07-12 09:37:52
20260709,QCF,202608,63.3,63.3,62.8,62.8,-0.6,-0.95%,34,63.1,86,63.1,64,63.4,62.7,,一般,,2026-07-12 09:37:52,2026-07-12 09:37:52
20260709,QCF,202609,-,-,-,-,-,-,0,62.1,6,61,-,71.5,54.9,,一般,,2026-07-12 09:37:52,2026-07-12 09:37:52
20260709,QCF,202612,-,-,-,-,-,-,0,62.5,0,61,-,-,-,,一般,,2026-07-12 09:37:52,2026-07-12 09:37:52
20260709,QCF,202703,-,-,-,-,-,-,0,62.5,0,61,-,-,-,,一般,,2026-07-12 09:37:52,2026-07-12 09:37:52
20260709,QDF,202607,416,454.5,408,430,16.5,3.99%,1507,430,1036,428.5,434.5,486.5,246.5,,一般,,2026-07-12 09:37:52,2026-07-12 09:37:52
20260709,QDF,202607/202608,0.51,0.63,-0.01,0.1,-,-,466,-,-,0.12,0.48,1.25,-0.01,,一般,79,2026-07-12 09:37:52,2026-07-12 09:37:52
20260709,QDF,202608,411.5,453,411.5,428.5,16.5,4.00%,559,428.5,402,428.5,435,485.5,326,,一般,,2026-07-12 09:37:52,2026-07-12 09:37:52
20260709,QDF,202609,-,-,-,-,-,-,0,424.5,11,414.5,448.5,436,99.3,,一般,,2026-07-12 09:37:52,2026-07-12 09:37:52
20260709,QDF,202612,-,-,-,-,-,-,0,425,1,414.5,-,425.5,425.5,,一般,,2026-07-12 09:37:52,2026-07-12 09:37:52
20260709,QDF,202703,-,-,-,-,-,-,0,425,0,414.5,-,-,-,,一般,,2026-07-12 09:37:52,2026-07-12 09:37:52
20260709,QEF,202607,914,952,896,897,0,0.00%,40993,899,28791,897,898,1240,558,,一般,,2026-07-12 09:37:52,2026-07-12 09:37:52
20260709,QEF,202607/202608,4.99,6,3.45,4,-,-,1676,-,-,3.99,4.01,10.01,3.45,,一般,2243,2026-07-12 09:37:52,2026-07-12 09:37:52
20260709,QEF,202607/202609,12.98,12.98,12.98,12.98,-,-,1,-,-,-3.06,11.01,15.03,1.01,,一般,13,2026-07-12 09:37:52,2026-07-12 09:37:52
20260709,QEF,202608,919,957,900,902,0,0.00%,4798,902,9929,902,903,1250,863,,一般,,2026-07-12 09:37:52,2026-07-12 09:37:52
20260709,QEF,202609,905,954,905,910,0,0.00%,17,910,301,904,910,1250,243.5,,一般,,2026-07-12 09:37:52,2026-07-12 09:37:52
20260709,QEF,202612,-,-,-,-,-,-,0,913,20,865,980,1155,307.5,,一般,,2026-07-12 09:37:52,2026-07-12 09:37:52
20260709,QEF,202703,-,-,-,-,-,-,0,899,4,865,-,1155,328.5,,一般,,2026-07-12 09:37:52,2026-07-12 09:37:52
20260709,QFF,202607,2468,2472,2426,2436,-29,-1.18%,43043,2434,54184,2436,2437,2635,2160,,一般,,2026-07-12 09:37:52,2026-07-12 09:37:52
20260709,QFF,202607,2423,2466,2411,2461,-4,-0.16%,15267,NULL,-,2460,2461,2635,2160,,盤後,,2026-07-12 09:37:52,2026-07-12 09:37:52
20260709,QFF,202607/202608,19.51,19.65,16.99,18.31,-,-,4674,-,-,18.3,18.31,21.82,16.99,,一般,7849,2026-07-12 09:37:52,2026-07-12 09:37:52
20260709,QFF,202607/202608,19.51,19.51,19.49,19.51,-,-,272,-,-,19.5,19.51,21.82,17.51,,盤後,3195,2026-07-12 09:37:52,2026-07-12 09:37:52
20260709,QFF,202607/202609,39.03,39.03,37.6,37.6,-,-,102,-,-,35.19,39.89,42.92,28.81,,一般,84,2026-07-12 09:37:52,2026-07-12 09:37:52
20260709,QFF,202607/202609,39.99,40.01,39.99,40.01,-,-,10,-,-,39.99,40.01,42.92,28.81,,盤後,84,2026-07-12 09:37:52,2026-07-12 09:37:52
20260709,QFF,202607/202612,116.13,116.14,116.13,116.14,-,-,2,-,-,112.01,112.99,125.02,68.21,,一般,57,2026-07-12 09:37:52,2026-07-12 09:37:52
20260709,QFF,202607/202612,115.99,116.01,115.99,116.01,-,-,68,-,-,115.99,116.01,125.02,68.21,,盤後,92,2026-07-12 09:37:52,2026-07-12 09:37:52
20260709,QFF,202607/202703,238,238,238,238,-,-,5,-,-,221.01,241.99,241,169.99,,盤後,3,2026-07-12 09:37:52,2026-07-12 09:37:52
20260709,QFF,202608,2487,2491,2445,2455,-30,-1.21%,18812,2453,26096,2454,2455,2655,2345,,一般,,2026-07-12 09:37:52,2026-07-12 09:37:52
20260709,QFF,202608,2445,2485,2431,2480,-5,-0.20%,4687,NULL,-,2480,2481,2655,2345,,盤後,,2026-07-12 09:37:52,2026-07-12 09:37:52
20260709,QFF,202608/202612,96.51,96.51,94.99,94.99,-,-,46,-,-,91.12,95.01,105.01,79.99,,一般,169,2026-07-12 09:37:52,2026-07-12 09:37:52
20260709,QFF,202608/202612,96.71,96.71,96.71,96.71,-,-,1,-,-,96.5,96.51,105.01,79.99,,盤後,101,2026-07-12 09:37:52,2026-07-12 09:37:52
20260709,QFF,202609,2510,2510,2466,2466,-39,-1.56%,536,2472,13631,2472,2474,2675,1395,,一般,,2026-07-12 09:37:52,2026-07-12 09:37:52
20260709,QFF,202609,2484,2505,2451,2498,-7,-0.28%,249,NULL,-,2500,2505,2675,1395,,盤後,,2026-07-12 09:37:52,2026-07-12 09:37:52
20260709,QFF,202612,2585,2585,2540,2550,-35,-1.35%,297,2545,10824,2545,2550,2740,1790,,一般,,2026-07-12 09:37:52,2026-07-12 09:37:52
20260709,QFF,202612,2565,2580,2530,2570,-15,-0.58%,270,NULL,-,2575,2580,2740,1790,,盤後,,2026-07-12 09:37:52,2026-07-12 09:37:52
20260709,QFF,202612/202703,120.01,120.01,111.02,111.02,-,-,23,-,-,105.51,121.99,125.01,20.01,,一般,46,2026-07-12 09:37:52,2026-07-12 09:37:52
20260709,QFF,202612/202703,122.19,122.19,122.19,122.19,-,-,5,-,-,115,124.98,125.01,20.01,,盤後,31,2026-07-12 09:37:52,2026-07-12 09:37:52
20260709,QFF,202703,2705,2705,2660,2670,-35,-1.29%,104,2660,2325,2670,2675,2830,2160,,一般,,2026-07-12 09:37:52,2026-07-12 09:37:52
20260709,QFF,202703,2665,2700,2650,2695,-10,-0.37%,93,NULL,-,2680,2705,2830,2160,,盤後,,2026-07-12 09:37:52,2026-07-12 09:37:52
20260709,QGF,202607,827,860,799,849,31,3.79%,3673,850,6845,850,852,961,559,,一般,,2026-07-12 09:37:52,2026-07-12 09:37:52
20260709,QGF,202607/202608,1.61,2.01,1.61,2.01,-,-,45,-,-,1.99,2.01,5.01,1.61,,一般,468,2026-07-12 09:37:52,2026-07-12 09:37:52
20260709,QGF,202608,810,860,801,850,30,3.66%,808,854,1209,851,855,946,740,,一般,,2026-07-12 09:37:52,2026-07-12 09:37:52
20260709,QGF,202609,-,-,-,-,-,-,0,851,8,829,879,940,520,,一般,,2026-07-12 09:37:52,2026-07-12 09:37:52
20260709,QGF,202612,-,-,-,-,-,-,0,854,11,832,-,894,487,,一般,,2026-07-12 09:37:52,2026-07-12 09:37:52
20260709,QGF,202703,-,-,-,-,-,-,0,860,0,-,-,595,595,,一般,,2026-07-12 09:37:52,2026-07-12 09:37:52
20260709,QHF,202607,545,547,529,538,-3,-0.55%,2281,538,4134,537,538,610,442,,一般,,2026-07-12 09:37:52,2026-07-12 09:37:52
20260709,QHF,202607/202608,2.01,2.01,2.01,2.01,-,-,23,-,-,0.66,2.01,6.03,0.99,,一般,41,2026-07-12 09:37:52,2026-07-12 09:37:52
20260709,QHF,202608,540,546,531,537,-3,-0.56%,281,537,600,537,540,612,514,,一般,,2026-07-12 09:37:52,2026-07-12 09:37:52
20260709,QHF,202609,-,-,-,-,-,-,0,535,10,519,556,548,369,,一般,,2026-07-12 09:37:52,2026-07-12 09:37:52
20260709,QHF,202612,-,-,-,-,-,-,0,541,5,519,-,482,385,,一般,,2026-07-12 09:37:52,2026-07-12 09:37:52
20260709,QHF,202703,-,-,-,-,-,-,0,545,0,519,-,-,-,,一般,,2026-07-12 09:37:52,2026-07-12 09:37:52
20260709,QIF,202607,420,429,403,405,-11,-2.64%,3456,405,10708,405,405.5,600,396.5,,一般,,2026-07-12 09:37:52,2026-07-12 09:37:52
20260709,QIF,202607/202608,1.76,1.76,1.66,1.73,-,-,1507,-,-,1.58,1.74,3.7,1.66,,一般,277,2026-07-12 09:37:52,2026-07-12 09:37:52
20260709,QIF,202608,419,430,405,406.5,-11.5,-2.75%,1820,406.5,6892,406.5,407,586,402,,一般,,2026-07-12 09:37:52,2026-07-12 09:37:52
20260709,QIF,202609,416,416,414,414,0,0.00%,2,414,77,413,419.5,628,414,,一般,,2026-07-12 09:37:52,2026-07-12 09:37:52
20260709,QIF,202612,-,-,-,-,-,-,0,406.5,10,391,422.5,585,418,,一般,,2026-07-12 09:37:52,2026-07-12 09:37:52
20260709,QIF,202703,420,420,420,420,5,1.20%,1,420,1,391,-,420,420,,一般,,2026-07-12 09:37:52,2026-07-12 09:37:52
20260709,QJF,202607,618,635,616,619,2,0.32%,2213,619,2369,619,621,805,569,,一般,,2026-07-12 09:37:52,2026-07-12 09:37:52
20260709,QJF,202607/202608,4.99,5,4,4,-,-,39,-,-,2,4,5,3.39,,一般,268,2026-07-12 09:37:52,2026-07-12 09:37:52
20260709,QJF,202608,624,638,619,624,5,0.81%,653,624,668,623,625,806,595,,一般,,2026-07-12 09:37:52,2026-07-12 09:37:52
20260709,QJF,202609,-,-,-,-,-,-,0,619,2,596,642,751,511,,一般,,2026-07-12 09:37:52,2026-07-12 09:37:52
20260709,QJF,202612,-,-,-,-,-,-,0,621,1,596,-,799,716,,一般,,2026-07-12 09:37:52,2026-07-12 09:37:52
20260709,QJF,202703,-,-,-,-,-,-,0,610,0,596,-,-,-,,一般,,2026-07-12 09:37:52,2026-07-12 09:37:52
20260709,QKF,202607,27.6,27.8,27.45,27.8,0,0.00%,74,27.8,200,27.55,28.2,29.4,24.95,,一般,,2026-07-12 09:37:52,2026-07-12 09:37:52
20260709,QKF,202608,27.95,27.95,27.95,27.95,0.2,0.72%,3,27.95,4,27.55,28.5,29.6,27.95,,一般,,2026-07-12 09:37:52,2026-07-12 09:37:52
20260709,QKF,202609,-,-,-,-,-,-,0,27.5,0,-,-,26.45,26.1,,一般,,2026-07-12 09:37:52,2026-07-12 09:37:52
20260709,QKF,202612,-,-,-,-,-,-,0,27.5,0,-,-,-,-,,一般,,2026-07-12 09:37:52,2026-07-12 09:37:52
20260709,QKF,202703,-,-,-,-,-,-,0,27.45,0,-,-,-,-,,一般,,2026-07-12 09:37:52,2026-07-12 09:37:52
20260709,QLF,202607,343.5,358,340.5,358,32.5,9.98%,2009,358,4214,358,-,358,216,,一般,,2026-07-12 09:37:52,2026-07-12 09:37:52
20260709,QLF,202607/202608,1.54,2.02,1.53,1.99,-,-,614,-,-,1.99,2.01,2.52,0.99,,一般,193,2026-07-12 09:37:52,2026-07-12 09:37:52
20260709,QLF,202608,348.5,360,347,360,32.5,9.92%,888,360,1671,360,-,360,255,,一般,,2026-07-12 09:37:52,2026-07-12 09:37:52
20260709,QLF,202609,355.5,355.5,355.5,355.5,32,9.89%,1,355.5,1,355.5,-,355.5,172.5,,一般,,2026-07-12 09:37:52,2026-07-12 09:37:52
20260709,QLF,202612,-,-,-,-,-,-,0,358,5,358,-,223,156,,一般,,2026-07-12 09:37:52,2026-07-12 09:37:52
20260709,QLF,202703,-,-,-,-,-,-,0,358.5,3,346,-,251,205,,一般,,2026-07-12 09:37:52,2026-07-12 09:37:52
20260709,QMF,202607,341,346,326,328,-10.5,-3.10%,508,330.5,2140,328,329,431,300,,一般,,2026-07-12 09:37:52,2026-07-12 09:37:52
20260709,QMF,202607/202608,2.2,2.2,2.2,2.2,-,-,1,-,-,0.01,2.65,2.2,1.49,,一般,31,2026-07-12 09:37:52,2026-07-12 09:37:52
20260709,QMF,202608,342.5,344.5,330,330,-10.5,-3.08%,78,330,283,328,331.5,373.5,307,,一般,,2026-07-12 09:37:52,2026-07-12 09:37:52
20260709,QMF,202609,-,-,-,-,-,-,0,332,6,316.5,374,371,279,,一般,,2026-07-12 09:37:52,2026-07-12 09:37:52
20260709,QMF,202612,-,-,-,-,-,-,0,332,0,316.5,-,-,-,,一般,,2026-07-12 09:37:52,2026-07-12 09:37:52
20260709,QMF,202703,-,-,-,-,-,-,0,331,0,316.5,-,-,-,,一般,,2026-07-12 09:37:52,2026-07-12 09:37:52
20260709,QNF,202607,2199,2286,2165,2228,84,3.92%,19502,2227,13905,2226,2229,2945,2075,,一般,,2026-07-12 09:37:52,2026-07-12 09:37:52
20260709,QNF,202607/202608,8.75,11.01,8.34,8.44,-,-,1346,-,-,8.52,9.01,15.1,8.01,,一般,1034,2026-07-12 09:37:52,2026-07-12 09:37:52
20260709,QNF,202608,2200,2293,2180,2238,86,4.00%,2525,2238,7030,2234,2239,2725,2094,,一般,,2026-07-12 09:37:52,2026-07-12 09:37:52
20260709,QNF,202609,2253,2253,2248,2248,99,4.61%,2,2232,322,2240,2275,3090,1040,,一般,,2026-07-12 09:37:52,2026-07-12 09:37:52
20260709,QNF,202612,2300,2300,2300,2300,126,5.80%,1,2257,43,2237,2380,2850,1550,,一般,,2026-07-12 09:37:52,2026-07-12 09:37:52
20260709,QNF,202703,-,-,-,-,-,-,0,2227,6,2237,-,2550,1700,,一般,,2026-07-12 09:37:52,2026-07-12 09:37:52
20260709,QO1,202607,76.1,76.1,74.1,74.1,-3.5,-4.51%,46,74.1,2990,74.1,74.3,91.4,65.7,,一般,,2026-07-12 09:37:52,2026-07-12 09:37:52
20260709,QO1,202607/202608,0.01,0.4,-0.8,0.13,-,-,15,-,-,0.12,0.13,0.6,-0.8,,一般,3,2026-07-12 09:37:52,2026-07-12 09:37:52
20260709,QO1,202608,74.8,74.8,74.8,74.8,-2.6,-3.36%,18,73.9,277,74.2,74.5,89.3,69.9,,一般,,2026-07-12 09:37:52,2026-07-12 09:37:52
20260709,QO1,202609,-,-,-,-,-,-,0,73.5,5,-,-,89.8,66.1,,一般,,2026-07-12 09:37:52,2026-07-12 09:37:52
20260709,QO1,202612,-,-,-,-,-,-,0,73.8,3,74.1,-,83.3,58.1,,一般,,2026-07-12 09:37:52,2026-07-12 09:37:52
20260709,QOF,202607,77.5,77.7,73.7,74,-3.4,-4.39%,432,74,1727,73.8,74.1,89.3,69.6,,一般,,2026-07-12 09:37:52,2026-07-12 09:37:52
20260709,QOF,202607/202608,0.09,0.09,-0.15,0,-,-,44,-,-,-0.14,0,0.81,-0.15,,一般,48,2026-07-12 09:37:52,2026-07-12 09:37:52
20260709,QOF,202608,76,76.3,73.8,73.8,-3.4,-4.40%,97,73.8,842,73.8,74.1,89.6,72,,一般,,2026-07-12 09:37:52,2026-07-12 09:37:52
20260709,QOF,202609,-,-,-,-,-,-,0,73.4,0,71.4,76.7,81.2,81.2,,一般,,2026-07-12 09:37:52,2026-07-12 09:37:52
20260709,QOF,202612,-,-,-,-,-,-,0,73.7,0,73.8,-,-,-,,一般,,2026-07-12 09:37:52,2026-07-12 09:37:52
20260709,QOF,202703,-,-,-,-,-,-,0,73.7,0,71.4,-,-,-,,一般,,2026-07-12 09:37:52,2026-07-12 09:37:52
20260709,QPF,202607,23.1,23.55,22.7,23.55,-0.15,-0.63%,11,23.55,257,23.25,24,24.7,20.05,,一般,,2026-07-12 09:37:52,2026-07-12 09:37:52
20260709,QPF,202608,-,-,-,-,-,-,0,23.55,30,22.8,24.15,24.25,21.3,,一般,,2026-07-12 09:37:52,2026-07-12 09:37:52
20260709,QPF,202609,-,-,-,-,-,-,0,23.3,0,-,-,-,-,,一般,,2026-07-12 09:37:52,2026-07-12 09:37:52
20260709,QPF,202612,-,-,-,-,-,-,0,23.35,0,-,-,-,-,,一般,,2026-07-12 09:37:52,2026-07-12 09:37:52
20260709,QPF,202703,-,-,-,-,-,-,0,23.4,0,-,-,-,-,,一般,,2026-07-12 09:37:52,2026-07-12 09:37:52
20260709,QQF,202607,55.7,56.5,55.3,55.5,-3.7,-6.25%,84,55.5,89,53.9,56.2,60.7,53.1,,一般,,2026-07-12 09:37:52,2026-07-12 09:37:52
20260709,QQF,202607/202608,0.06,0.06,0.05,0.05,-,-,6,-,-,-0.15,0.05,0.06,0.05,,一般,13,2026-07-12 09:37:52,2026-07-12 09:37:52
20260709,QQF,202608,56.1,56.5,55.1,55.4,-4.4,-7.36%,21,55.4,20,53.9,56.3,59.8,55.1,,一般,,2026-07-12 09:37:52,2026-07-12 09:37:52
20260709,QQF,202609,-,-,-,-,-,-,0,55.6,0,-,-,60.9,57.9,,一般,,2026-07-12 09:37:52,2026-07-12 09:37:52
20260709,QQF,202612,-,-,-,-,-,-,0,55.6,0,-,-,-,-,,一般,,2026-07-12 09:37:52,2026-07-12 09:37:52
20260709,QQF,202703,-,-,-,-,-,-,0,56.1,0,-,-,-,-,,一般,,2026-07-12 09:37:52,2026-07-12 09:37:52
20260709,QRF,202607,692,697,678,688,-2,-0.29%,1088,688,3067,684,689,963,636,,一般,,2026-07-12 09:37:52,2026-07-12 09:37:52
20260709,QRF,202607/202608,2.01,3.01,2.01,3.01,-,-,26,-,-,3.02,3.8,4.01,1.99,,一般,84,2026-07-12 09:37:52,2026-07-12 09:37:52
20260709,QRF,202608,694,699,683,692,1,0.14%,208,691,345,687,693,829,640,,一般,,2026-07-12 09:37:52,2026-07-12 09:37:52
20260709,QRF,202609,-,-,-,-,-,-,0,688,1,677,713,930,530,,一般,,2026-07-12 09:37:52,2026-07-12 09:37:52
20260709,QRF,202612,-,-,-,-,-,-,0,682,1,660,-,601,584,,一般,,2026-07-12 09:37:52,2026-07-12 09:37:52
20260709,QRF,202703,-,-,-,-,-,-,0,694,0,660,-,-,-,,一般,,2026-07-12 09:37:52,2026-07-12 09:37:52
20260709,QSF,202607,1138,1222,1093,1218,107,9.63%,10780,1217,11229,1217,1218,1300,774,,一般,,2026-07-12 09:37:52,2026-07-12 09:37:52
20260709,QSF,202607/202608,3.01,3.41,2.79,2.79,-,-,162,-,-,2.8,3.01,8.12,2.16,,一般,1062,2026-07-12 09:37:52,2026-07-12 09:37:52
20260709,QSF,202608,1126,1226,1100,1220,105,9.42%,1481,1219,2110,1219,1221,1310,886,,一般,,2026-07-12 09:37:52,2026-07-12 09:37:52
20260709,QSF,202608/202703,20,20,20,20,-,-,1,-,-,-,35.01,20,20,,一般,0,2026-07-12 09:37:52,2026-07-12 09:37:52
20260709,QSF,202609,1220,1223,1208,1208,96,8.63%,3,1218,29,1176,-,1255,250.5,,一般,,2026-07-12 09:37:52,2026-07-12 09:37:52
20260709,QSF,202612,-,-,-,-,-,-,0,1221,5,1176,-,1255,429.5,,一般,,2026-07-12 09:37:52,2026-07-12 09:37:52
20260709,QSF,202703,1216,1216,1216,1216,110,9.95%,3,1216,2,1176,-,1216,827,,一般,,2026-07-12 09:37:52,2026-07-12 09:37:52
20260709,QTF,202607,140,148,139,145.5,8,5.82%,638,145.5,1156,145,145.5,156.5,107,,一般,,2026-07-12 09:37:52,2026-07-12 09:37:52
20260709,QTF,202607/202608,0.66,0.66,0.64,0.64,-,-,72,-,-,0.63,0.64,1.05,0.47,,一般,45,2026-07-12 09:37:52,2026-07-12 09:37:52
20260709,QTF,202608,140.5,148.5,140,146.5,8,5.78%,132,146.5,423,145.5,146.5,157,130,,一般,,2026-07-12 09:37:52,2026-07-12 09:37:52
20260709,QTF,202609,-,-,-,-,-,-,0,146.5,2,140,-,158,133.5,,一般,,2026-07-12 09:37:52,2026-07-12 09:37:52
20260709,QTF,202612,-,-,-,-,-,-,0,145,2,140,-,95,85.5,,一般,,2026-07-12 09:37:52,2026-07-12 09:37:52
20260709,QTF,202703,-,-,-,-,-,-,0,145.5,0,140,-,102.5,95,,一般,,2026-07-12 09:37:52,2026-07-12 09:37:52
20260709,QUF,202607,109.5,117,108.5,117,10.5,9.86%,3420,117,4846,117,-,125.5,79,,一般,,2026-07-12 09:37:52,2026-07-12 09:37:52
20260709,QUF,202607/202608,0.64,0.69,0.63,0.66,-,-,393,-,-,0.66,0.67,0.69,-0.01,,一般,320,2026-07-12 09:37:52,2026-07-12 09:37:52
20260709,QUF,202608,110,118,109.5,118,10.5,9.77%,897,118,634,118,-,124.5,91,,一般,,2026-07-12 09:37:52,2026-07-12 09:37:52
20260709,QUF,202609,-,-,-,-,-,-,0,118,41,118,-,117.5,33.9,,一般,,2026-07-12 09:37:52,2026-07-12 09:37:52
20260709,QUF,202612,-,-,-,-,-,-,0,116,5,116,-,114,71.9,,一般,,2026-07-12 09:37:52,2026-07-12 09:37:52
20260709,QUF,202703,-,-,-,-,-,-,0,117.5,3,113,-,116,106.5,,一般,,2026-07-12 09:37:52,2026-07-12 09:37:52
20260709,QVF,202607,47.7,48.25,47.7,48.25,-0.05,-0.10%,10,48.25,254,47.7,48.85,63.1,44,,一般,,2026-07-12 09:37:52,2026-07-12 09:37:52
20260709,QVF,202607/202608,-0.02,-0.02,-0.02,-0.02,-,-,7,-,-,-0.47,-0.02,0.31,-0.02,,一般,0,2026-07-12 09:37:52,2026-07-12 09:37:52
20260709,QVF,202608,48.35,-,-,48.35,0,0.00%,7,48.3,70,47.5,48.85,56,47.6,,一般,,2026-07-12 09:37:52,2026-07-12 09:37:52
20260709,QVF,202609,-,-,-,-,-,-,0,48.6,0,-,-,-,-,,一般,,2026-07-12 09:37:52,2026-07-12 09:37:52
20260709,QVF,202612,-,-,-,-,-,-,0,48.5,1,-,-,48.8,48.8,,一般,,2026-07-12 09:37:52,2026-07-12 09:37:52
20260709,QVF,202703,-,-,-,-,-,-,0,48.6,0,-,-,-,-,,一般,,2026-07-12 09:37:52,2026-07-12 09:37:52
20260709,QWF,202607,76.1,77.5,71.7,73.4,-1.6,-2.13%,634,73.4,1074,72.9,73.4,91.1,61.5,,一般,,2026-07-12 09:37:52,2026-07-12 09:37:52
20260709,QWF,202607/202608,0.11,0.11,0.11,0.11,-,-,5,-,-,-0.3,0,0.51,0,,一般,42,2026-07-12 09:37:52,2026-07-12 09:37:52
20260709,QWF,202608,76.9,77,72.3,73,-1.5,-2.01%,58,73,317,72.9,73.4,89.7,67.4,,一般,,2026-07-12 09:37:52,2026-07-12 09:37:52
20260709,QWF,202609,-,-,-,-,-,-,0,73.6,32,70.4,75.7,83.6,49.9,,一般,,2026-07-12 09:37:52,2026-07-12 09:37:52
20260709,QWF,202612,-,-,-,-,-,-,0,74,3,-,-,92,51.4,,一般,,2026-07-12 09:37:52,2026-07-12 09:37:52
20260709,QWF,202703,-,-,-,-,-,-,0,73.9,0,-,-,-,-,,一般,,2026-07-12 09:37:52,2026-07-12 09:37:52
20260709,QXF,202607,81.4,81.7,79.2,80.5,0.9,1.13%,307,80.5,2001,80.4,80.7,88,76.8,,一般,,2026-07-12 09:37:52,2026-07-12 09:37:52
20260709,QXF,202607/202608,1.23,1.25,0.08,0.08,-,-,63,-,-,0.1,0.18,1.25,-0.01,,一般,20,2026-07-12 09:37:52,2026-07-12 09:37:52
20260709,QXF,202608,81.5,81.5,80.3,80.8,1.2,1.51%,116,80.8,828,80.6,80.8,84.4,77.3,,一般,,2026-07-12 09:37:52,2026-07-12 09:37:52
20260709,QXF,202609,-,-,-,-,-,-,0,80.4,1,-,-,75.4,75.4,,一般,,2026-07-12 09:37:52,2026-07-12 09:37:52
20260709,QXF,202612,-,-,-,-,-,-,0,79.5,0,-,-,-,-,,一般,,2026-07-12 09:37:52,2026-07-12 09:37:52
20260709,QXF,202703,-,-,-,-,-,-,0,79.3,0,-,-,-,-,,一般,,2026-07-12 09:37:52,2026-07-12 09:37:52
20260709,QYF,202607,47.3,47.95,46.7,47.95,-0.05,-0.10%,106,47.95,300,47.45,48.45,51.1,42.65,,一般,,2026-07-12 09:37:52,2026-07-12 09:37:52
20260709,QYF,202607/202608,-0.23,-0.22,-0.27,-0.23,-,-,85,-,-,-0.34,-0.25,0.2,-0.49,,一般,10,2026-07-12 09:37:52,2026-07-12 09:37:52
20260709,QYF,202608,46.6,47.45,46.6,47.45,-0.35,-0.73%,103,47.45,688,47.1,48.1,51.3,44.3,,一般,,2026-07-12 09:37:52,2026-07-12 09:37:52
20260709,QYF,202609,-,-,-,-,-,-,0,47.85,11,-,-,50.5,45.5,,一般,,2026-07-12 09:37:52,2026-07-12 09:37:52
20260709,QYF,202612,-,-,-,-,-,-,0,48.15,4,-,-,52.9,47.2,,一般,,2026-07-12 09:37:52,2026-07-12 09:37:52
20260709,QYF,202703,-,-,-,-,-,-,0,47.95,1,-,-,47.2,47.2,,一般,,2026-07-12 09:37:52,2026-07-12 09:37:52
20260709,QZF,202607,72.1,74.5,71,71.1,-0.6,-0.84%,11297,71.2,16873,71.2,71.5,96.6,58.5,,一般,,2026-07-12 09:37:52,2026-07-12 09:37:52
20260709,QZF,202607/202608,0.31,0.33,0.17,0.18,-,-,768,-,-,0.17,0.18,0.51,0.17,,一般,683,2026-07-12 09:37:52,2026-07-12 09:37:52
20260709,QZF,202608,72.6,74.6,71.2,71.5,-0.3,-0.42%,1696,71.5,3658,71.3,71.7,95,67.7,,一般,,2026-07-12 09:37:52,2026-07-12 09:37:52
20260709,QZF,202609,-,-,-,-,-,-,0,71.9,87,70.2,73,96.2,28.25,,一般,,2026-07-12 09:37:52,2026-07-12 09:37:52
20260709,QZF,202612,-,-,-,-,-,-,0,71.8,32,71.2,76.9,93,53,,一般,,2026-07-12 09:37:52,2026-07-12 09:37:52
20260709,QZF,202703,-,-,-,-,-,-,0,71.3,1,70.2,77.9,75,75,,一般,,2026-07-12 09:37:52,2026-07-12 09:37:52
20260709,RAF,202607,2387,2434,2335,2335,-10,-0.43%,142,2349,563,2325,2365,2900,2225,,一般,,2026-07-12 09:37:52,2026-07-12 09:37:52
20260709,RAF,202607/202608,14.99,16.99,14.99,15.5,-,-,61,-,-,14.99,15.01,25.01,14.99,,一般,20,2026-07-12 09:37:52,2026-07-12 09:37:52
20260709,RAF,202608,2420,2438,2355,2355,-7,-0.30%,82,2365,354,2339,2381,2765,2300,,一般,,2026-07-12 09:37:52,2026-07-12 09:37:52
20260709,RAF,202609,-,-,-,-,-,-,0,2350,5,-,2455,2740,1370,,一般,,2026-07-12 09:37:52,2026-07-12 09:37:52
20260709,RAF,202612,-,-,-,-,-,-,0,2329,0,-,-,-,-,,一般,,2026-07-12 09:37:52,2026-07-12 09:37:52
20260709,RAF,202703,-,-,-,-,-,-,0,2354,0,-,-,-,-,,一般,,2026-07-12 09:37:52,2026-07-12 09:37:52
20260709,RBF,202607,84.9,87.8,84.9,85,1.3,1.55%,160,85,508,84.6,85.1,99.5,76,,一般,,2026-07-12 09:37:52,2026-07-12 09:37:52
20260709,RBF,202607/202608,0.29,0.37,0.29,0.37,-,-,6,-,-,0.3,0.83,0.4,0.21,,一般,11,2026-07-12 09:37:52,2026-07-12 09:37:52
20260709,RBF,202608,87.8,88,85.7,85.7,2,2.39%,17,85.7,112,85.1,86,88,77.9,,一般,,2026-07-12 09:37:52,2026-07-12 09:37:52
20260709,RBF,202609,-,-,-,-,-,-,0,85.1,10,81.6,88.1,94.7,81.6,,一般,,2026-07-12 09:37:52,2026-07-12 09:37:52
20260709,RBF,202612,-,-,-,-,-,-,0,85.3,1,81.6,-,80.8,80.8,,一般,,2026-07-12 09:37:52,2026-07-12 09:37:52
20260709,RBF,202703,-,-,-,-,-,-,0,85.5,0,81.6,-,-,-,,一般,,2026-07-12 09:37:52,2026-07-12 09:37:52
20260709,RCF,202607,60.3,62.6,56.7,57.9,-2.4,-3.98%,1590,57.7,663,57.4,58,65.3,44.9,,一般,,2026-07-12 09:37:52,2026-07-12 09:37:52
20260709,RCF,202607/202608,0.21,0.29,0.19,0.29,-,-,20,-,-,0.13,0.29,0.55,0.19,,一般,33,2026-07-12 09:37:52,2026-07-12 09:37:52
20260709,RCF,202608,58.5,62.3,58,58,-2.4,-3.97%,55,58,118,57.5,58.3,64.7,48.85,,一般,,2026-07-12 09:37:52,2026-07-12 09:37:52
20260709,RCF,202609,-,-,-,-,-,-,0,57.8,1,-,61.9,60.7,46,,一般,,2026-07-12 09:37:52,2026-07-12 09:37:52
20260709,RCF,202612,-,-,-,-,-,-,0,57.1,2,-,-,57.4,48.7,,一般,,2026-07-12 09:37:52,2026-07-12 09:37:52
20260709,RCF,202703,-,-,-,-,-,-,0,57.4,0,-,-,-,-,,一般,,2026-07-12 09:37:52,2026-07-12 09:37:52
20260709,RDF,202607,17.9,17.9,17.05,17.3,-0.7,-3.89%,39,17.3,95,17.2,17.6,19.15,14.65,,一般,,2026-07-12 09:37:52,2026-07-12 09:37:52
20260709,RDF,202608,-,-,-,-,-,-,0,17.05,27,16.8,17.6,19.05,16.05,,一般,,2026-07-12 09:37:52,2026-07-12 09:37:52
20260709,RDF,202609,-,-,-,-,-,-,0,17.2,0,-,-,-,-,,一般,,2026-07-12 09:37:52,2026-07-12 09:37:52
20260709,RDF,202612,-,-,-,-,-,-,0,17.2,1,-,-,17.3,17.3,,一般,,2026-07-12 09:37:52,2026-07-12 09:37:52
20260709,RDF,202703,-,-,-,-,-,-,0,17.2,0,-,-,-,-,,一般,,2026-07-12 09:37:52,2026-07-12 09:37:52
20260709,REF,202607,160,168.5,158,161,3.5,2.22%,988,161,4156,160.5,162,234,148.5,,一般,,2026-07-12 09:37:52,2026-07-12 09:37:52
20260709,REF,202607/202608,0.01,0.04,-0.01,0.03,-,-,110,-,-,0.03,0.04,0.51,-0.1,,一般,32,2026-07-12 09:37:52,2026-07-12 09:37:52
20260709,REF,202608,168,168,158,160,2.5,1.59%,160,160,495,160.5,162.5,230,154,,一般,,2026-07-12 09:37:52,2026-07-12 09:37:52
20260709,REF,202609,-,-,-,-,-,-,0,160.5,55,154.5,168,225,55.8,,一般,,2026-07-12 09:37:52,2026-07-12 09:37:52
20260709,REF,202612,-,-,-,-,-,-,0,161.5,259,-,162,216,75.7,,一般,,2026-07-12 09:37:52,2026-07-12 09:37:52
20260709,REF,202703,-,-,-,-,-,-,0,166.5,3,-,-,196.5,140,,一般,,2026-07-12 09:37:52,2026-07-12 09:37:52
20260709,RFF,202607,2006,2010,1955,1960,-50,-2.49%,315,1958,1780,1945,1968,2735,1955,,一般,,2026-07-12 09:37:52,2026-07-12 09:37:52
20260709,RFF,202607/202608,10.01,12.51,10,12.51,-,-,46,-,-,1.42,10.5,13.5,10,,一般,8,2026-07-12 09:37:52,2026-07-12 09:37:52
20260709,RFF,202608,1985,2000,1970,1979,9,0.46%,55,1960,157,1955,1979,2365,1970,,一般,,2026-07-12 09:37:52,2026-07-12 09:37:52
20260709,RFF,202609,-,-,-,-,-,-,0,1958,4,1954,-,2630,1920,,一般,,2026-07-12 09:37:52,2026-07-12 09:37:52
20260709,RFF,202612,-,-,-,-,-,-,0,1963,3,1944,2060,2515,1510,,一般,,2026-07-12 09:37:52,2026-07-12 09:37:52
20260709,RFF,202703,-,-,-,-,-,-,0,1963,1,1944,-,2520,2520,,一般,,2026-07-12 09:37:52,2026-07-12 09:37:52
20260709,RGF,202607,3225,3325,3200,3210,-15,-0.47%,268,3210,3096,3205,3235,4285,3100,,一般,,2026-07-12 09:37:52,2026-07-12 09:37:52
20260709,RGF,202607/202608,19.99,25.01,19.99,24.99,-,-,80,-,-,23.32,25.01,30.01,19.99,,一般,25,2026-07-12 09:37:52,2026-07-12 09:37:52
20260709,RGF,202608,3285,3315,3220,3240,0,0.00%,113,3240,305,3225,3265,4100,3155,,一般,,2026-07-12 09:37:52,2026-07-12 09:37:52
20260709,RGF,202609,-,-,-,-,-,-,0,3230,13,3205,3355,5350,2475,,一般,,2026-07-12 09:37:52,2026-07-12 09:37:52
20260709,RGF,202612,-,-,-,-,-,-,0,3210,7,3205,3385,4125,2775,,一般,,2026-07-12 09:37:52,2026-07-12 09:37:52
20260709,RGF,202703,-,-,-,-,-,-,0,3240,0,3205,-,-,-,,一般,,2026-07-12 09:37:52,2026-07-12 09:37:52
20260709,RHF,202607,6.8012,6.8012,6.7958,6.7958,-0.0029,-0.04%,48,6.7958,106,-,-,6.8036,6.7436,,一般,,2026-07-12 09:37:52,2026-07-12 09:37:52
20260709,RHF,202607,-,-,-,-,-,-,0,NULL,-,-,-,6.8036,6.7436,,盤後,,2026-07-12 09:37:52,2026-07-12 09:37:52
20260709,RHF,202608,-,-,-,-,-,-,0,6.7818,0,6.7803,6.7833,-,-,,一般,,2026-07-12 09:37:52,2026-07-12 09:37:52
20260709,RHF,202608,-,-,-,-,-,-,0,NULL,-,-,-,-,-,,盤後,,2026-07-12 09:37:52,2026-07-12 09:37:52
20260709,RHF,202609,-,-,-,-,-,-,0,6.7689,1,6.7674,6.7704,7.0203,6.7129,,一般,,2026-07-12 09:37:52,2026-07-12 09:37:52
20260709,RHF,202609,-,-,-,-,-,-,0,NULL,-,-,-,7.0203,6.7129,,盤後,,2026-07-12 09:37:52,2026-07-12 09:37:52
20260709,RHF,202612,-,-,-,-,-,-,0,6.7225,0,6.721,6.724,6.788,6.7855,,一般,,2026-07-12 09:37:52,2026-07-12 09:37:52
20260709,RHF,202612,-,-,-,-,-,-,0,NULL,-,-,-,6.788,6.7855,,盤後,,2026-07-12 09:37:52,2026-07-12 09:37:52
20260709,RHF,202703,-,-,-,-,-,-,0,6.6741,130,-,-,6.7486,6.6283,,一般,,2026-07-12 09:37:52,2026-07-12 09:37:52
20260709,RHF,202703,-,-,-,-,-,-,0,NULL,-,-,-,6.7486,6.6283,,盤後,,2026-07-12 09:37:52,2026-07-12 09:37:52
20260709,RHF,202706,-,-,-,-,-,-,0,6.6265,0,-,-,-,-,,一般,,2026-07-12 09:37:52,2026-07-12 09:37:52
20260709,RHF,202706,-,-,-,-,-,-,0,NULL,-,-,-,-,-,,盤後,,2026-07-12 09:37:52,2026-07-12 09:37:52
20260709,RIF,202607,33.33,33.37,33.03,33.28,0.03,0.09%,33,33.28,333,33.05,33.31,34.84,27.84,,一般,,2026-07-12 09:37:52,2026-07-12 09:37:52
20260709,RIF,202607/202608,0.14,0.14,0.14,0.14,-,-,10,-,-,0.09,0.2,0.17,0.08,,一般,4,2026-07-12 09:37:52,2026-07-12 09:37:52
20260709,RIF,202608,33.37,33.37,33.2,33.2,-0.18,-0.54%,14,33.33,160,33.25,33.4,34.64,33,,一般,,2026-07-12 09:37:52,2026-07-12 09:37:52
20260709,RIF,202609,-,-,-,-,-,-,0,33.55,140,33.3,35,33.45,21.4,,一般,,2026-07-12 09:37:52,2026-07-12 09:37:52
20260709,RIF,202612,-,-,-,-,-,-,0,33.42,5,33.24,-,31.37,22.7,,一般,,2026-07-12 09:37:52,2026-07-12 09:37:52
20260709,RIF,202703,-,-,-,-,-,-,0,33.42,4,33.24,-,28.49,28.37,,一般,,2026-07-12 09:37:52,2026-07-12 09:37:52
20260709,RJF,202607,39.75,40.45,39.2,39.35,-0.5,-1.25%,138,39.35,306,39.3,39.7,46.4,34.65,,一般,,2026-07-12 09:37:52,2026-07-12 09:37:52
20260709,RJF,202607/202608,0,0,-0.05,-0.05,-,-,5,-,-,-,-0.05,0.29,-0.05,,一般,8,2026-07-12 09:37:52,2026-07-12 09:37:52
20260709,RJF,202608,40.7,40.7,39.3,39.3,-0.5,-1.26%,13,39.3,97,39,39.65,45,35.75,,一般,,2026-07-12 09:37:52,2026-07-12 09:37:52
20260709,RJF,202609,-,-,-,-,-,-,0,38.9,0,-,-,38.05,33.55,,一般,,2026-07-12 09:37:52,2026-07-12 09:37:52
20260709,RJF,202612,-,-,-,-,-,-,0,38.95,3,-,-,35.4,34,,一般,,2026-07-12 09:37:52,2026-07-12 09:37:52
20260709,RJF,202703,-,-,-,-,-,-,0,38.9,0,-,-,-,-,,一般,,2026-07-12 09:37:52,2026-07-12 09:37:52
20260709,RKF,202607,1153,1153,1071,1075,-84,-7.25%,542,1079,794,1075,1090,1575,1071,,一般,,2026-07-12 09:37:52,2026-07-12 09:37:52
20260709,RKF,202607/202608,3.41,4,3.16,3.29,-,-,97,-,-,3.29,3.3,6,0.14,,一般,21,2026-07-12 09:37:52,2026-07-12 09:37:52
20260709,RKF,202608,1136,1136,1080,1080,-82,-7.06%,120,1084,349,1078,1094,1325,1080,,一般,,2026-07-12 09:37:52,2026-07-12 09:37:52
20260709,RKF,202609,-,-,-,-,-,-,0,1095,1,-,-,780,403,,一般,,2026-07-12 09:37:52,2026-07-12 09:37:52
20260709,RKF,202612,-,-,-,-,-,-,0,1085,0,-,-,-,-,,一般,,2026-07-12 09:37:52,2026-07-12 09:37:52
20260709,RKF,202703,-,-,-,-,-,-,0,1097,0,-,-,-,-,,一般,,2026-07-12 09:37:52,2026-07-12 09:37:52
20260709,RLF,202609,32.15,32.8,31.35,31.45,-0.1,-0.32%,36,31.45,1130,31.3,31.5,53.9,15.15,,一般,,2026-07-12 09:37:52,2026-07-12 09:37:52
20260709,RLF,202612,-,-,-,-,-,-,0,31.25,13,31.3,32.5,51.1,33.55,,一般,,2026-07-12 09:37:52,2026-07-12 09:37:52
20260709,RNF,202607,55.1,55.1,53.4,54.5,-1.5,-2.68%,13,54.5,157,53.8,54.7,63.3,47.6,,一般,,2026-07-12 09:37:52,2026-07-12 09:37:52
20260709,RNF,202607/202608,0.47,0.47,0.36,0.36,-,-,3,-,-,0.13,0.36,0.47,0.28,,一般,1,2026-07-12 09:37:52,2026-07-12 09:37:52
20260709,RNF,202608,54.7,54.9,54.7,54.9,-1.2,-2.14%,5,54.9,20,53.9,55.1,61.9,49.5,,一般,,2026-07-12 09:37:52,2026-07-12 09:37:52
20260709,RNF,202609,-,-,-,-,-,-,0,54.5,20,52.5,59,73.1,51.7,,一般,,2026-07-12 09:37:52,2026-07-12 09:37:52
20260709,RNF,202612,-,-,-,-,-,-,0,53.9,7,-,-,57.6,53,,一般,,2026-07-12 09:37:52,2026-07-12 09:37:52
20260709,RNF,202703,58,58,58,58,1,1.75%,1,55.5,8,-,-,61,50,,一般,,2026-07-12 09:37:52,2026-07-12 09:37:52
20260709,ROF,202607,80.9,80.9,80.9,80.9,0.5,0.62%,3,80.9,4,78.8,-,92.5,77.2,,一般,,2026-07-12 09:37:52,2026-07-12 09:37:52
20260709,ROF,202608,-,-,-,-,-,-,0,81.2,1,74.7,-,84,78,,一般,,2026-07-12 09:37:52,2026-07-12 09:37:52
20260709,ROF,202609,-,-,-,-,-,-,0,80.6,3,-,-,91.4,84,,一般,,2026-07-12 09:37:52,2026-07-12 09:37:52
20260709,ROF,202612,-,-,-,-,-,-,0,80.4,1,-,-,83.5,83.5,,一般,,2026-07-12 09:37:52,2026-07-12 09:37:52
20260709,ROF,202703,-,-,-,-,-,-,0,80.3,0,-,-,-,-,,一般,,2026-07-12 09:37:52,2026-07-12 09:37:52
20260709,RPF,202607,-,-,-,-,-,-,0,722,2,700,765,748,619,,一般,,2026-07-12 09:37:52,2026-07-12 09:37:52
20260709,RPF,202608,-,-,-,-,-,-,0,720,2,708,773,730,730,,一般,,2026-07-12 09:37:52,2026-07-12 09:37:52
20260709,RPF,202609,-,-,-,-,-,-,0,724,1,-,790,695,422,,一般,,2026-07-12 09:37:52,2026-07-12 09:37:52
20260709,RPF,202612,-,-,-,-,-,-,0,721,0,-,-,-,-,,一般,,2026-07-12 09:37:52,2026-07-12 09:37:52
20260709,RPF,202703,-,-,-,-,-,-,0,722,0,-,-,-,-,,一般,,2026-07-12 09:37:52,2026-07-12 09:37:52
20260709,RRF,202607,710,724,707,724,5,0.70%,26,722,78,699,777,760,606,,一般,,2026-07-12 09:37:52,2026-07-12 09:37:52
20260709,RRF,202608,-,-,-,-,-,-,0,720,7,702,780,737,642,,一般,,2026-07-12 09:37:52,2026-07-12 09:37:52
20260709,RRF,202609,-,-,-,-,-,-,0,724,0,-,-,587,546,,一般,,2026-07-12 09:37:52,2026-07-12 09:37:52
20260709,RRF,202612,-,-,-,-,-,-,0,721,0,-,-,-,-,,一般,,2026-07-12 09:37:52,2026-07-12 09:37:52
20260709,RRF,202703,-,-,-,-,-,-,0,722,0,-,-,-,-,,一般,,2026-07-12 09:37:52,2026-07-12 09:37:52
20260709,RSF,202607,2660,2715,2595,2650,-30,-1.12%,286,2645,1181,2640,2650,3750,2595,,一般,,2026-07-12 09:37:52,2026-07-12 09:37:52
20260709,RSF,202607/202608,19.72,19.72,11,14.95,-,-,54,-,-,11.51,14.95,22.3,11,,一般,29,2026-07-12 09:37:52,2026-07-12 09:37:52
20260709,RSF,202608,2645,2680,2630,2635,-65,-2.41%,86,2650,363,2650,2665,3400,2630,,一般,,2026-07-12 09:37:52,2026-07-12 09:37:52
20260709,RSF,202609,2570,2570,2570,2570,-105,-3.93%,2,2645,3,2545,2745,4550,1790,,一般,,2026-07-12 09:37:52,2026-07-12 09:37:52
20260709,RSF,202612,-,-,-,-,-,-,0,2605,2,2545,-,3455,3250,,一般,,2026-07-12 09:37:52,2026-07-12 09:37:52
20260709,RSF,202703,-,-,-,-,-,-,0,2605,0,2545,-,-,-,,一般,,2026-07-12 09:37:52,2026-07-12 09:37:52
20260709,RTF,202607,6.8017,6.8017,6.7964,6.7964,-0.0023,-0.03%,70,6.7964,5,6.7954,6.7984,6.8047,6.7438,,一般,,2026-07-12 09:37:52,2026-07-12 09:37:52
20260709,RTF,202607,6.8002,6.8002,6.8002,6.8002,0.0015,0.02%,25,NULL,-,-,-,6.8047,6.7438,,盤後,,2026-07-12 09:37:52,2026-07-12 09:37:52
20260709,RTF,202608,-,-,-,-,-,-,0,6.782,2,6.7805,6.7835,6.7699,6.7698,,一般,,2026-07-12 09:37:52,2026-07-12 09:37:52
20260709,RTF,202608,-,-,-,-,-,-,0,NULL,-,-,-,6.7699,6.7698,,盤後,,2026-07-12 09:37:52,2026-07-12 09:37:52
20260709,RTF,202609,-,-,-,-,-,-,0,6.769,0,6.7675,6.7705,7.0045,6.7296,,一般,,2026-07-12 09:37:52,2026-07-12 09:37:52
20260709,RTF,202609,-,-,-,-,-,-,0,NULL,-,-,-,7.0045,6.7296,,盤後,,2026-07-12 09:37:52,2026-07-12 09:37:52
20260709,RTF,202612,6.7255,6.7281,6.7255,6.7281,0.0061,0.09%,60,6.7225,57,-,-,6.975,6.6673,,一般,,2026-07-12 09:37:52,2026-07-12 09:37:52
20260709,RTF,202612,-,-,-,-,-,-,0,NULL,-,-,-,6.975,6.6673,,盤後,,2026-07-12 09:37:52,2026-07-12 09:37:52
20260709,RTF,202703,-,-,-,-,-,-,0,6.675,0,6.6735,6.6765,6.7463,6.7463,,一般,,2026-07-12 09:37:52,2026-07-12 09:37:52
20260709,RTF,202703,-,-,-,-,-,-,0,NULL,-,-,-,6.7463,6.7463,,盤後,,2026-07-12 09:37:52,2026-07-12 09:37:52
20260709,RTF,202706,-,-,-,-,-,-,0,6.6281,0,6.6266,6.6296,6.6011,6.6011,,一般,,2026-07-12 09:37:52,2026-07-12 09:37:52
20260709,RTF,202706,-,-,-,-,-,-,0,NULL,-,-,-,6.6011,6.6011,,盤後,,2026-07-12 09:37:52,2026-07-12 09:37:52
20260709,RUF,202607,119,119.5,117.5,117.5,-2,-1.67%,48,117.5,448,115.5,118,130,103,,一般,,2026-07-12 09:37:52,2026-07-12 09:37:52
20260709,RUF,202607/202608,1.21,1.21,1.01,1.01,-,-,18,-,-,0.79,1,1.68,0.71,,一般,2,2026-07-12 09:37:52,2026-07-12 09:37:52
20260709,RUF,202608,119,119,119,119,-0.5,-0.42%,20,118,123,116.5,119,125,113.5,,一般,,2026-07-12 09:37:52,2026-07-12 09:37:52
20260709,RUF,202609,-,-,-,-,-,-,0,118.5,1,112.5,-,108.5,108.5,,一般,,2026-07-12 09:37:52,2026-07-12 09:37:52
20260709,RUF,202612,-,-,-,-,-,-,0,118.5,1,-,-,104,104,,一般,,2026-07-12 09:37:52,2026-07-12 09:37:52
20260709,RUF,202703,-,-,-,-,-,-,0,116.5,0,-,-,-,-,,一般,,2026-07-12 09:37:52,2026-07-12 09:37:52
20260709,RVF,202607,1917,1942,1876,1893,7,0.37%,8047,1894,16279,1890,1893,2640,1785,,一般,,2026-07-12 09:37:52,2026-07-12 09:37:52
20260709,RVF,202607/202608,9.31,11.01,9.31,9.55,-,-,550,-,-,9.54,9.55,18.99,4.99,,一般,641,2026-07-12 09:37:52,2026-07-12 09:37:52
20260709,RVF,202608,1933,1950,1888,1904,6,0.32%,1302,1904,4674,1900,1903,2250,1790,,一般,,2026-07-12 09:37:52,2026-07-12 09:37:52
20260709,RVF,202609,1920,1929,1919,1927,8,0.42%,13,1927,270,1915,1928,2640,896,,一般,,2026-07-12 09:37:52,2026-07-12 09:37:52
20260709,RVF,202612,-,-,-,-,-,-,0,1924,156,1910,1995,2585,1170,,一般,,2026-07-12 09:37:52,2026-07-12 09:37:52
20260709,RVF,202703,-,-,-,-,-,-,0,1939,15,1930,2105,2350,1920,,一般,,2026-07-12 09:37:52,2026-07-12 09:37:52
20260709,RWF,202607,4430,4620,4265,4305,-160,-3.58%,2286,4325,4592,4305,4310,5650,3895,,一般,,2026-07-12 09:37:52,2026-07-12 09:37:52
20260709,RWF,202607/202608,21.51,35,21.51,26.4,-,-,388,-,-,26.46,34.84,35,19.99,,一般,208,2026-07-12 09:37:52,2026-07-12 09:37:52
20260709,RWF,202608,4400,4555,4300,4300,-180,-4.02%,754,4355,1109,4330,4345,5440,4300,,一般,,2026-07-12 09:37:52,2026-07-12 09:37:52
20260709,RWF,202609,-,-,-,-,-,-,0,4345,18,4330,4410,5530,1505,,一般,,2026-07-12 09:37:52,2026-07-12 09:37:52
20260709,RWF,202612,-,-,-,-,-,-,0,4330,8,4325,4560,4940,2335,,一般,,2026-07-12 09:37:52,2026-07-12 09:37:52
20260709,RWF,202703,-,-,-,-,-,-,0,4315,4,4320,4560,5540,4875,,一般,,2026-07-12 09:37:52,2026-07-12 09:37:52
20260709,RXF,202607,-,-,-,-,-,-,0,18.89,5,18.44,-,19.07,18.1,,一般,,2026-07-12 09:37:52,2026-07-12 09:37:52
20260709,RXF,202608,-,-,-,-,-,-,0,18.89,14,18.5,-,19.24,18.85,,一般,,2026-07-12 09:37:52,2026-07-12 09:37:52
20260709,RXF,202609,-,-,-,-,-,-,0,18.69,1,-,-,19.3,19.3,,一般,,2026-07-12 09:37:52,2026-07-12 09:37:52
20260709,RXF,202612,-,-,-,-,-,-,0,18.71,0,-,-,-,-,,一般,,2026-07-12 09:37:52,2026-07-12 09:37:52
20260709,RXF,202703,-,-,-,-,-,-,0,18.71,0,-,-,-,-,,一般,,2026-07-12 09:37:52,2026-07-12 09:37:52
20260709,RYF,202607,42.12,42.3,41.92,41.94,-0.06,-0.14%,37,41.94,107,41.77,42.44,45.03,38.45,,一般,,2026-07-12 09:37:52,2026-07-12 09:37:52
20260709,RYF,202608,-,-,-,-,-,-,0,42.18,3,-,42.6,45.2,41.9,,一般,,2026-07-12 09:37:52,2026-07-12 09:37:52
20260709,RYF,202609,-,-,-,-,-,-,0,41.76,0,-,-,-,-,,一般,,2026-07-12 09:37:52,2026-07-12 09:37:52
20260709,RYF,202612,-,-,-,-,-,-,0,41.76,0,-,-,-,-,,一般,,2026-07-12 09:37:52,2026-07-12 09:37:52
20260709,RYF,202703,-,-,-,-,-,-,0,41.76,0,-,-,-,-,,一般,,2026-07-12 09:37:52,2026-07-12 09:37:52
20260709,RZF,202607,26.79,26.9,26.75,26.86,-0.04,-0.15%,1446,26.86,6650,26.88,26.91,27.65,26.07,,一般,,2026-07-12 09:37:52,2026-07-12 09:37:52
20260709,RZF,202607,26.89,26.92,26.78,26.84,-0.06,-0.22%,64,NULL,-,26.78,26.9,27.65,26.07,,盤後,,2026-07-12 09:37:52,2026-07-12 09:37:52
20260709,RZF,202607/202608,0.08,0.1,0.08,0.08,-,-,1235,-,-,0.07,0.08,0.13,0.07,,一般,18,2026-07-12 09:37:52,2026-07-12 09:37:52
20260709,RZF,202608,26.85,26.96,26.83,26.94,-0.04,-0.15%,1269,26.94,3530,26.95,26.99,27.7,26.83,,一般,,2026-07-12 09:37:52,2026-07-12 09:37:52
20260709,RZF,202608,26.99,27,26.87,26.9,-0.08,-0.30%,26,NULL,-,26.88,26.96,27.7,26.84,,盤後,,2026-07-12 09:37:52,2026-07-12 09:37:52
20260709,RZF,202609,26.96,26.96,26.94,26.94,-0.01,-0.04%,5,27.02,6285,27.02,27.05,28.4,26.21,,一般,,2026-07-12 09:37:52,2026-07-12 09:37:52
20260709,RZF,202609,27,27,26.94,26.94,-0.01,-0.04%,5,NULL,-,26.94,27.04,28.4,26.21,,盤後,,2026-07-12 09:37:52,2026-07-12 09:37:52
20260709,RZF,202612,27.2,27.2,27.2,27.2,0.02,0.07%,7,27.2,443,27.22,27.3,28.57,26.62,,一般,,2026-07-12 09:37:52,2026-07-12 09:37:52
20260709,RZF,202612,27.2,27.2,27.2,27.2,0.02,0.07%,1,NULL,-,27.2,27.33,28.57,26.62,,盤後,,2026-07-12 09:37:52,2026-07-12 09:37:52
20260709,RZF,202703,-,-,-,-,-,-,0,27.41,132,27.46,27.61,28.22,26.7,,一般,,2026-07-12 09:37:52,2026-07-12 09:37:52
20260709,RZF,202703,-,-,-,-,-,-,0,NULL,-,27.46,27.63,28.22,26.7,,盤後,,2026-07-12 09:37:52,2026-07-12 09:37:52
20260709,SAF,202607,213,213.5,204,204,-5.5,-2.63%,80,204,310,204,204.5,216.5,179.5,,一般,,2026-07-12 09:37:52,2026-07-12 09:37:52
20260709,SAF,202608,206,206,204.5,204.5,-4.5,-2.15%,4,204.5,73,204.5,205,214,184.5,,一般,,2026-07-12 09:37:52,2026-07-12 09:37:52
20260709,SAF,202609,-,-,-,-,-,-,0,201,1,197,211.5,240.5,240.5,,一般,,2026-07-12 09:37:52,2026-07-12 09:37:52
20260709,SAF,202612,-,-,-,-,-,-,0,201,0,197,-,-,-,,一般,,2026-07-12 09:37:52,2026-07-12 09:37:52
20260709,SAF,202703,-,-,-,-,-,-,0,201,0,197,-,-,-,,一般,,2026-07-12 09:37:52,2026-07-12 09:37:52
20260709,SBF,202607,15.6,15.95,15.6,15.7,0.05,0.32%,13,15.7,752,15.6,15.9,18.95,12,,一般,,2026-07-12 09:37:52,2026-07-12 09:37:52
20260709,SBF,202608,15.45,16,15.45,15.8,0.05,0.32%,3,15.8,48,15.6,16,18.65,15.45,,一般,,2026-07-12 09:37:52,2026-07-12 09:37:52
20260709,SBF,202609,-,-,-,-,-,-,0,15.6,0,-,-,-,-,,一般,,2026-07-12 09:37:52,2026-07-12 09:37:52
20260709,SBF,202612,-,-,-,-,-,-,0,15.6,0,-,-,-,-,,一般,,2026-07-12 09:37:52,2026-07-12 09:37:52
20260709,SBF,202703,-,-,-,-,-,-,0,15.6,0,-,-,-,-,,一般,,2026-07-12 09:37:52,2026-07-12 09:37:52
20260709,SCF,202607,224,224,221,222,-1,-0.45%,90,222.5,742,221.5,223,237,209,,一般,,2026-07-12 09:37:52,2026-07-12 09:37:52
20260709,SCF,202608,223,224,222.5,222.5,-2,-0.89%,37,222.5,98,222,224.5,234.5,219.5,,一般,,2026-07-12 09:37:52,2026-07-12 09:37:52
20260709,SCF,202609,-,-,-,-,-,-,0,222.5,0,225,230.5,232,217,,一般,,2026-07-12 09:37:52,2026-07-12 09:37:52
20260709,SCF,202612,-,-,-,-,-,-,0,224.5,1,214,235,232,232,,一般,,2026-07-12 09:37:52,2026-07-12 09:37:52
20260709,SCF,202703,-,-,-,-,-,-,0,223.5,0,214,-,-,-,,一般,,2026-07-12 09:37:52,2026-07-12 09:37:52
20260709,SDF,202607,166.5,167,165,166.5,1,0.60%,304,166.5,1755,166.5,167,205,153.5,,一般,,2026-07-12 09:37:52,2026-07-12 09:37:52
20260709,SDF,202607/202608,1.01,1.51,1.01,1.31,-,-,36,-,-,1.3,1.31,1.51,0.95,,一般,20,2026-07-12 09:37:52,2026-07-12 09:37:52
20260709,SDF,202607/202703,6.05,6.05,6.05,6.05,-,-,9,-,-,6.04,6.05,6.14,6.01,,一般,11,2026-07-12 09:37:52,2026-07-12 09:37:52
20260709,SDF,202608,168,168.5,166,168.5,2.5,1.51%,60,168.5,199,167.5,168.5,186,166,,一般,,2026-07-12 09:37:52,2026-07-12 09:37:52
20260709,SDF,202609,-,-,-,-,-,-,0,168.5,34,168.5,169.5,200.5,144,,一般,,2026-07-12 09:37:52,2026-07-12 09:37:52
20260709,SDF,202612,-,-,-,-,-,-,0,171,28,170.5,172,194,144,,一般,,2026-07-12 09:37:52,2026-07-12 09:37:52
20260709,SDF,202703,171.5,173,171.5,173,1,0.58%,20,173,2,172.5,173.5,188,171.5,,一般,,2026-07-12 09:37:52,2026-07-12 09:37:52
20260709,SEF,202607,2450,2540,2450,2468,31,1.27%,2750,2471,4854,2466,2489,2850,2180,,一般,,2026-07-12 09:37:52,2026-07-12 09:37:52
20260709,SEF,202607/202608,10.01,12.01,9.99,10.55,-,-,160,-,-,10.52,12.99,14.99,8.98,,一般,122,2026-07-12 09:37:52,2026-07-12 09:37:52
20260709,SEF,202608,2500,2550,2477,2496,54,2.21%,327,2489,932,2477,2505,2850,2310,,一般,,2026-07-12 09:37:52,2026-07-12 09:37:52
20260709,SEF,202609,-,-,-,-,-,-,0,2471,9,2450,2580,2715,995,,一般,,2026-07-12 09:37:52,2026-07-12 09:37:52
20260709,SEF,202612,-,-,-,-,-,-,0,2471,4,-,2620,2735,1335,,一般,,2026-07-12 09:37:52,2026-07-12 09:37:52
20260709,SEF,202703,-,-,-,-,-,-,0,2471,3,-,2680,2745,2270,,一般,,2026-07-12 09:37:52,2026-07-12 09:37:52
20260709,SFF,202607,5430,5520,5275,5300,-80,-1.49%,1761,5300,2965,5295,5300,6245,4475,,一般,,2026-07-12 09:37:52,2026-07-12 09:37:52
20260709,SFF,202607/202608,26.51,26.51,25,25.7,-,-,38,-,-,28,33.99,35.58,19.99,,一般,86,2026-07-12 09:37:52,2026-07-12 09:37:52
20260709,SFF,202608,5425,5550,5310,5335,-65,-1.20%,177,5335,843,5325,5335,6160,5225,,一般,,2026-07-12 09:37:52,2026-07-12 09:37:52
20260709,SFF,202609,-,-,-,-,-,-,0,5300,13,5310,5415,6100,1355,,一般,,2026-07-12 09:37:52,2026-07-12 09:37:52
20260709,SFF,202612,-,-,-,-,-,-,0,5325,7,-,5465,5700,2830,,一般,,2026-07-12 09:37:52,2026-07-12 09:37:52
20260709,SFF,202703,-,-,-,-,-,-,0,5325,4,4945,5515,5300,4045,,一般,,2026-07-12 09:37:52,2026-07-12 09:37:52
20260709,SGF,202607,-,-,-,-,-,-,0,45.26,6,42.2,48.3,48.51,43.7,,一般,,2026-07-12 09:37:52,2026-07-12 09:37:52
20260709,SGF,202608,-,-,-,-,-,-,0,45.71,2,42.5,48.8,48,45.17,,一般,,2026-07-12 09:37:52,2026-07-12 09:37:52
20260709,SGF,202609,-,-,-,-,-,-,0,45.17,0,-,-,-,-,,一般,,2026-07-12 09:37:52,2026-07-12 09:37:52
20260709,SGF,202612,-,-,-,-,-,-,0,45.14,0,-,-,-,-,,一般,,2026-07-12 09:37:52,2026-07-12 09:37:52
20260709,SGF,202703,-,-,-,-,-,-,0,45.21,0,-,-,-,-,,一般,,2026-07-12 09:37:52,2026-07-12 09:37:52
20260709,SHF,202607,-,-,-,-,-,-,0,184.75,7,-,-,189.45,188.4,,一般,,2026-07-12 09:37:52,2026-07-12 09:37:52
20260709,SHF,202608,-,-,-,-,-,-,0,185.9,0,-,-,-,-,,一般,,2026-07-12 09:37:52,2026-07-12 09:37:52
20260709,SHF,202609,-,-,-,-,-,-,0,173.5,0,-,-,-,-,,一般,,2026-07-12 09:37:52,2026-07-12 09:37:52
20260709,SHF,202612,-,-,-,-,-,-,0,177.45,0,-,-,-,-,,一般,,2026-07-12 09:37:52,2026-07-12 09:37:52
20260709,SHF,202703,-,-,-,-,-,-,0,184.55,0,-,-,-,-,,一般,,2026-07-12 09:37:52,2026-07-12 09:37:52
20260709,SHF,202706,-,-,-,-,-,-,0,180.75,0,-,-,-,-,,一般,,2026-07-12 09:37:52,2026-07-12 09:37:52
20260709,SIF,202607,31.42,-,-,31.42,0,0.00%,5,31.47,217,31.47,31.73,31.41,30.91,,一般,,2026-07-12 09:37:52,2026-07-12 09:37:52
20260709,SIF,202607/202608,0.32,0.32,0.13,0.13,-,-,5,-,-,0.1,0.37,0.32,0.03,,一般,0,2026-07-12 09:37:52,2026-07-12 09:37:52
20260709,SIF,202608,31.68,31.68,31.68,31.68,-0.06,-0.19%,11,31.68,11,31.57,31.83,31.74,31.39,,一般,,2026-07-12 09:37:52,2026-07-12 09:37:52
20260709,SIF,202609,-,-,-,-,-,-,0,31.54,17,31,-,32.15,30.76,,一般,,2026-07-12 09:37:52,2026-07-12 09:37:52
20260709,SIF,202612,-,-,-,-,-,-,0,31.6,0,30.47,-,-,-,,一般,,2026-07-12 09:37:52,2026-07-12 09:37:52
20260709,SIF,202703,-,-,-,-,-,-,0,31.37,1,-,32.83,-,-,,一般,,2026-07-12 09:37:52,2026-07-12 09:37:52
20260709,SJF,202607,111.5,117,111,113,6.5,6.10%,189,113,300,112,113,117,95.8,,一般,,2026-07-12 09:37:52,2026-07-12 09:37:52
20260709,SJF,202607/202608,0.49,0.78,0.49,0.68,-,-,9,-,-,0.21,0.68,0.78,0.2,,一般,3,2026-07-12 09:37:52,2026-07-12 09:37:52
20260709,SJF,202608,113,116,113,114,6.5,6.05%,12,114,60,112,114,116,96.8,,一般,,2026-07-12 09:37:52,2026-07-12 09:37:52
20260709,SJF,202609,-,-,-,-,-,-,0,112,8,108,-,122.5,109,,一般,,2026-07-12 09:37:52,2026-07-12 09:37:52
20260709,SJF,202612,-,-,-,-,-,-,0,112,2,108,-,117,105.5,,一般,,2026-07-12 09:37:52,2026-07-12 09:37:52
20260709,SJF,202703,-,-,-,-,-,-,0,112,0,108,-,-,-,,一般,,2026-07-12 09:37:52,2026-07-12 09:37:52
20260709,SK1,202607,87.3,89.1,86.6,87,-0.2,-0.23%,184,86.4,1501,86.6,87,105.5,84.2,,一般,,2026-07-12 09:37:52,2026-07-12 09:37:52
20260709,SK1,202607/202608,0,0,-0.01,0,-,-,127,-,-,-,0,0.31,-0.01,,一般,6,2026-07-12 09:37:52,2026-07-12 09:37:52
20260709,SK1,202608,87.2,87.2,86.6,86.6,-0.4,-0.46%,148,86.7,153,-,87,106,86.6,,一般,,2026-07-12 09:37:52,2026-07-12 09:37:52
20260709,SK1,202609,-,-,-,-,-,-,0,86.9,2,-,-,101,85,,一般,,2026-07-12 09:37:52,2026-07-12 09:37:52
20260709,SKF,202607,87,88,85.3,85.3,-0.8,-0.93%,152,85.3,531,85.3,85.5,93.2,84.9,,一般,,2026-07-12 09:37:52,2026-07-12 09:37:52
20260709,SKF,202607/202608,0.11,0.12,-0.2,0,-,-,14,-,-,-0.2,0,0.31,-0.22,,一般,17,2026-07-12 09:37:52,2026-07-12 09:37:52
20260709,SKF,202608,85.9,87,85.5,85.6,-0.3,-0.35%,63,85.6,203,85.1,85.5,92.7,85,,一般,,2026-07-12 09:37:52,2026-07-12 09:37:52
20260709,SKF,202609,-,-,-,-,-,-,0,85.8,0,81.9,-,-,-,,一般,,2026-07-12 09:37:52,2026-07-12 09:37:52
20260709,SKF,202612,-,-,-,-,-,-,0,85.7,0,-,-,-,-,,一般,,2026-07-12 09:37:52,2026-07-12 09:37:52
20260709,SKF,202703,-,-,-,-,-,-,0,85.6,0,-,-,-,-,,一般,,2026-07-12 09:37:52,2026-07-12 09:37:52
20260709,SLF,202607,336,342,334,335,0,0.00%,330,335,1861,335,337,408,307.5,,一般,,2026-07-12 09:37:52,2026-07-12 09:37:52
20260709,SLF,202607/202608,0.51,0.51,0.51,0.51,-,-,3,-,-,0.49,0.51,0.51,0.31,,一般,59,2026-07-12 09:37:52,2026-07-12 09:37:52
20260709,SLF,202608,337,341,335,335.5,-1,-0.30%,66,335.5,235,335,338,353,320,,一般,,2026-07-12 09:37:52,2026-07-12 09:37:52
20260709,SLF,202608/202609,1,1,1,1,-,-,1,-,-,-10.01,-,1,1,,一般,0,2026-07-12 09:37:52,2026-07-12 09:37:52
20260709,SLF,202609,335,-,-,335,0,0.00%,1,335,3,324.5,348,360,270,,一般,,2026-07-12 09:37:52,2026-07-12 09:37:52
20260709,SLF,202612,-,-,-,-,-,-,0,336.5,2,329,348,245.5,222,,一般,,2026-07-12 09:37:52,2026-07-12 09:37:52
20260709,SLF,202703,-,-,-,-,-,-,0,338.5,0,324,-,-,-,,一般,,2026-07-12 09:37:52,2026-07-12 09:37:52
20260709,SMF,202607,30,30.1,29.7,29.96,0.02,0.07%,111,29.96,463,29.83,30.03,32.96,26.71,,一般,,2026-07-12 09:37:52,2026-07-12 09:37:52
20260709,SMF,202607/202608,0.04,0.04,0.04,0.04,-,-,5,-,-,0.04,0.07,0.17,0.04,,一般,5,2026-07-12 09:37:52,2026-07-12 09:37:52
20260709,SMF,202608,30.03,30.03,29.8,29.8,-0.15,-0.50%,12,29.97,97,29.87,30.1,31.36,29.35,,一般,,2026-07-12 09:37:52,2026-07-12 09:37:52
20260709,SMF,202609,-,-,-,-,-,-,0,30.06,125,29.84,-,31.64,22.5,,一般,,2026-07-12 09:37:52,2026-07-12 09:37:52
20260709,SMF,202612,-,-,-,-,-,-,0,30.08,14,29.84,-,31.92,24.63,,一般,,2026-07-12 09:37:52,2026-07-12 09:37:52
20260709,SMF,202703,-,-,-,-,-,-,0,30.46,5,29.84,-,32.1,24.24,,一般,,2026-07-12 09:37:52,2026-07-12 09:37:52
20260709,SNF,202607,30.25,30.45,29.98,30.16,0.17,0.57%,29,30.16,251,29.77,30.26,33.26,26.4,,一般,,2026-07-12 09:37:52,2026-07-12 09:37:52
20260709,SNF,202608,30.32,30.64,30.27,30.41,0.25,0.83%,8,30.41,37,29.95,30.44,32.85,29.93,,一般,,2026-07-12 09:37:52,2026-07-12 09:37:52
20260709,SNF,202609,-,-,-,-,-,-,0,30.26,62,29.95,-,31.5,17.95,,一般,,2026-07-12 09:37:52,2026-07-12 09:37:52
20260709,SNF,202612,-,-,-,-,-,-,0,29.86,3,-,-,29.49,20.03,,一般,,2026-07-12 09:37:52,2026-07-12 09:37:52
20260709,SNF,202703,-,-,-,-,-,-,0,29.89,1,29.72,-,22.63,22.63,,一般,,2026-07-12 09:37:52,2026-07-12 09:37:52
20260709,SOF,202607,16161,16235,16085,16150,98,0.61%,21,16150,50,16131,16236,18039,14600,,一般,,2026-07-12 09:37:52,2026-07-12 09:37:52
20260709,SOF,202607,16030,16121,15636,16095,43,0.27%,132,NULL,-,15868,16370,18039,14600,,盤後,,2026-07-12 09:37:52,2026-07-12 09:37:52
20260709,SOF,202607/202608,130,130,128,128,-,-,5,-,-,128,135,140,99,,盤後,13,2026-07-12 09:37:52,2026-07-12 09:37:52
20260709,SOF,202608,16399,16399,16399,16399,214,1.32%,1,16315,19,16251,16380,18080,15750,,一般,,2026-07-12 09:37:52,2026-07-12 09:37:52
20260709,SOF,202608,16161,16295,15750,16295,110,0.68%,102,NULL,-,15996,16498,18080,15750,,盤後,,2026-07-12 09:37:52,2026-07-12 09:37:52
20260709,SOF,202609,-,-,-,-,-,-,0,15754,0,-,-,-,-,,一般,,2026-07-12 09:37:52,2026-07-12 09:37:52
20260709,SOF,202609,-,-,-,-,-,-,0,NULL,-,-,-,-,-,,盤後,,2026-07-12 09:37:52,2026-07-12 09:37:52
20260709,SOF,202612,-,-,-,-,-,-,0,15771,0,-,-,-,-,,一般,,2026-07-12 09:37:52,2026-07-12 09:37:52
20260709,SOF,202612,-,-,-,-,-,-,0,NULL,-,-,-,-,-,,盤後,,2026-07-12 09:37:52,2026-07-12 09:37:52
20260709,SOF,202703,-,-,-,-,-,-,0,15761,0,-,-,-,-,,一般,,2026-07-12 09:37:52,2026-07-12 09:37:52
20260709,SOF,202703,-,-,-,-,-,-,0,NULL,-,-,-,-,-,,盤後,,2026-07-12 09:37:52,2026-07-12 09:37:52
20260709,SOF,202706,-,-,-,-,-,-,0,16407,0,-,-,-,-,,一般,,2026-07-12 09:37:52,2026-07-12 09:37:52
20260709,SOF,202706,-,-,-,-,-,-,0,NULL,-,-,-,-,-,,盤後,,2026-07-12 09:37:52,2026-07-12 09:37:52
20260709,SPF,202609,-,-,-,-,-,-,0,7544.75,89,7500.25,-,7684.5,6489.75,,一般,,2026-07-12 09:37:52,2026-07-12 09:37:52
20260709,SPF,202609,7491,7517.5,7491,7517.5,-56.5,-0.75%,3,NULL,-,7480.25,7559.75,7684.5,6489.75,,盤後,,2026-07-12 09:37:52,2026-07-12 09:37:52
20260709,SPF,202612,-,-,-,-,-,-,0,7611,5,7568,-,7632.75,7630.75,,一般,,2026-07-12 09:37:52,2026-07-12 09:37:52
20260709,SPF,202612,-,-,-,-,-,-,0,NULL,-,7548,7634.5,7632.75,7630.75,,盤後,,2026-07-12 09:37:52,2026-07-12 09:37:52
20260709,SPF,202703,-,-,-,-,-,-,0,7672.75,0,-,-,-,-,,一般,,2026-07-12 09:37:52,2026-07-12 09:37:52
20260709,SPF,202703,-,-,-,-,-,-,0,NULL,-,-,-,-,-,,盤後,,2026-07-12 09:37:52,2026-07-12 09:37:52
20260709,SPF,202706,-,-,-,-,-,-,0,7745,0,-,-,-,-,,一般,,2026-07-12 09:37:52,2026-07-12 09:37:52
20260709,SPF,202706,-,-,-,-,-,-,0,NULL,-,-,-,-,-,,盤後,,2026-07-12 09:37:52,2026-07-12 09:37:52
20260709,SPF,202709,-,-,-,-,-,-,0,7816.75,0,-,-,-,-,,一般,,2026-07-12 09:37:52,2026-07-12 09:37:52
20260709,SPF,202709,-,-,-,-,-,-,0,NULL,-,-,-,-,-,,盤後,,2026-07-12 09:37:52,2026-07-12 09:37:52
20260709,SQF,202607,-,-,-,-,-,-,0,33.7,0,33.77,34.09,-,-,,一般,,2026-07-12 09:37:52,2026-07-12 09:37:52
20260709,SQF,202608,-,-,-,-,-,-,0,33.78,0,33.83,34.15,-,-,,一般,,2026-07-12 09:37:52,2026-07-12 09:37:52
20260709,SQF,202609,-,-,-,-,-,-,0,33.86,0,33.77,34.44,-,-,,一般,,2026-07-12 09:37:52,2026-07-12 09:37:52
20260709,SQF,202612,-,-,-,-,-,-,0,33.91,0,-,-,-,-,,一般,,2026-07-12 09:37:52,2026-07-12 09:37:52
20260709,SQF,202703,-,-,-,-,-,-,0,33.13,0,-,-,-,-,,一般,,2026-07-12 09:37:52,2026-07-12 09:37:52
20260709,SRF,202607,107,107.25,105.55,106,-0.45,-0.42%,8054,106,12469,105.9,106.1,115.1,94.95,,一般,,2026-07-12 09:37:52,2026-07-12 09:37:52
20260709,SRF,202607,104.5,106.9,104.15,106.45,0,0.00%,5667,NULL,-,106.4,106.45,115.1,94.95,,盤後,,2026-07-12 09:37:52,2026-07-12 09:37:52
20260709,SRF,202607/202608,0.56,0.61,0.56,0.61,-,-,176,-,-,0.59,0.61,0.71,0.54,,一般,860,2026-07-12 09:37:52,2026-07-12 09:37:52
20260709,SRF,202607/202608,0.58,0.58,0.56,0.56,-,-,117,-,-,0.54,0.56,0.71,0.54,,盤後,1025,2026-07-12 09:37:52,2026-07-12 09:37:52
20260709,SRF,202607/202609,0.95,0.95,0.9,0.9,-,-,2,-,-,-0.01,1.5,1.5,0.11,,一般,4,2026-07-12 09:37:52,2026-07-12 09:37:52
20260709,SRF,202607/202609,1.03,1.03,1.01,1.01,-,-,3,-,-,0.81,1.32,1.5,0.11,,盤後,5,2026-07-12 09:37:52,2026-07-12 09:37:52
20260709,SRF,202608,107.55,107.75,106.15,106.65,-0.4,-0.37%,1525,106.55,6180,106.55,106.75,115.65,103.15,,一般,,2026-07-12 09:37:52,2026-07-12 09:37:52
20260709,SRF,202608,105.45,107.45,104.7,107,-0.05,-0.05%,1776,NULL,-,106.95,107.05,115.65,103.15,,盤後,,2026-07-12 09:37:52,2026-07-12 09:37:52
20260709,SRF,202609,108.05,108.05,106.8,106.8,-0.7,-0.65%,22,106.8,525,106.8,107.6,116.6,62.1,,一般,,2026-07-12 09:37:52,2026-07-12 09:37:52
20260709,SRF,202609,106.15,107.4,105.55,106.8,-0.7,-0.65%,30,NULL,-,107.2,107.8,116.6,62.1,,盤後,,2026-07-12 09:37:52,2026-07-12 09:37:52
20260709,SRF,202612,111.3,111.3,110,110,0.25,0.23%,9,109.3,149,107.05,113.05,118.7,74.25,,一般,,2026-07-12 09:37:52,2026-07-12 09:37:52
20260709,SRF,202612,109.7,111.4,109.45,111.4,1.65,1.50%,4,NULL,-,107.25,111.2,118.7,74.25,,盤後,,2026-07-12 09:37:52,2026-07-12 09:37:52
20260709,SRF,202703,110.95,110.95,110.95,110.95,0.15,0.14%,4,110.35,64,107.1,113,115.95,101,,一般,,2026-07-12 09:37:52,2026-07-12 09:37:52
20260709,SRF,202703,111.35,111.35,111.35,111.35,0.55,0.50%,1,NULL,-,107.5,114,115.95,101,,盤後,,2026-07-12 09:37:52,2026-07-12 09:37:52
20260709,SSF,202607,52.9,53,52.35,52.75,0.35,0.67%,22,52.65,261,52.25,52.6,54.75,48.05,,一般,,2026-07-12 09:37:52,2026-07-12 09:37:52
20260709,SSF,202607/202608,0.22,0.22,0,0,-,-,2,-,-,0,0.48,0.27,0,,一般,4,2026-07-12 09:37:52,2026-07-12 09:37:52
20260709,SSF,202608,53.1,53.2,52.8,52.95,0.35,0.67%,16,52.9,147,52.75,53,55,51.85,,一般,,2026-07-12 09:37:52,2026-07-12 09:37:52
20260709,SSF,202609,-,-,-,-,-,-,0,52.75,16,52.5,-,54.65,35.9,,一般,,2026-07-12 09:37:52,2026-07-12 09:37:52
20260709,SSF,202612,-,-,-,-,-,-,0,53,9,-,-,55.05,39.8,,一般,,2026-07-12 09:37:52,2026-07-12 09:37:52
20260709,SSF,202703,-,-,-,-,-,-,0,53.1,1,52.5,-,55.3,55.3,,一般,,2026-07-12 09:37:52,2026-07-12 09:37:52
20260709,SUF,202607,12.59,12.63,12.5,12.59,0.07,0.56%,69,12.55,241,-,12.55,13.03,11.37,,一般,,2026-07-12 09:37:52,2026-07-12 09:37:52
20260709,SUF,202607/202608,0.01,0.01,0.01,0.01,-,-,26,-,-,0.01,0.02,0.1,0.01,,一般,1,2026-07-12 09:37:52,2026-07-12 09:37:52
20260709,SUF,202608,12.62,12.64,12.6,12.6,0.09,0.72%,32,12.56,46,-,12.56,13.05,12.53,,一般,,2026-07-12 09:37:52,2026-07-12 09:37:52
20260709,SUF,202609,-,-,-,-,-,-,0,12.44,9,-,-,11.23,9.81,,一般,,2026-07-12 09:37:52,2026-07-12 09:37:52
20260709,SUF,202612,-,-,-,-,-,-,0,12.43,2,-,-,13.08,9.81,,一般,,2026-07-12 09:37:52,2026-07-12 09:37:52
20260709,SUF,202703,-,-,-,-,-,-,0,12.47,1,-,-,10.62,10.62,,一般,,2026-07-12 09:37:52,2026-07-12 09:37:52
20260709,SVF,202607,8190,8560,8045,8255,105,1.29%,845,8255,781,8235,8275,8695,4935,,一般,,2026-07-12 09:37:52,2026-07-12 09:37:52
20260709,SVF,202607/202608,44.99,51,44.99,50.01,-,-,58,-,-,50.01,55.01,60.01,29.95,,一般,43,2026-07-12 09:37:52,2026-07-12 09:37:52
20260709,SVF,202608,8200,8565,8200,8315,190,2.34%,103,8315,117,8285,8335,8690,6995,,一般,,2026-07-12 09:37:52,2026-07-12 09:37:52
20260709,SVF,202609,-,-,-,-,-,-,0,8240,4,7940,8570,7535,2950,,一般,,2026-07-12 09:37:52,2026-07-12 09:37:52
20260709,SVF,202612,-,-,-,-,-,-,0,8215,0,7940,-,-,-,,一般,,2026-07-12 09:37:52,2026-07-12 09:37:52
20260709,SVF,202703,-,-,-,-,-,-,0,8255,0,7940,-,-,-,,一般,,2026-07-12 09:37:52,2026-07-12 09:37:52
20260709,SWF,202607,119.5,119.5,117,117.5,-2,-1.67%,88,117.5,581,117.5,118,125.5,105,,一般,,2026-07-12 09:37:52,2026-07-12 09:37:52
20260709,SWF,202607/202608,1.19,1.19,1.19,1.19,-,-,2,-,-,0.52,1.53,1.19,0.67,,一般,0,2026-07-12 09:37:52,2026-07-12 09:37:52
20260709,SWF,202608,119,119,118,118,-1.5,-1.26%,4,118,33,118,118.5,123,115,,一般,,2026-07-12 09:37:52,2026-07-12 09:37:52
20260709,SWF,202609,-,-,-,-,-,-,0,118.5,7,113.5,-,141,106,,一般,,2026-07-12 09:37:52,2026-07-12 09:37:52
20260709,SWF,202612,-,-,-,-,-,-,0,118.5,3,113.5,-,133.5,104.5,,一般,,2026-07-12 09:37:52,2026-07-12 09:37:52
20260709,SWF,202703,-,-,-,-,-,-,0,116.5,0,113.5,-,-,-,,一般,,2026-07-12 09:37:52,2026-07-12 09:37:52
20260709,SXF,202609,12631,12780,12631,12658,162,1.30%,17,12658,636,12658,12747,15100,7450,,一般,,2026-07-12 09:37:52,2026-07-12 09:37:52
20260709,SXF,202609,12244,12740,12000,12606,110,0.88%,230,NULL,-,12590.5,12649.5,15100,7450,,盤後,,2026-07-12 09:37:52,2026-07-12 09:37:52
20260709,SXF,202612,-,-,-,-,-,-,0,12776,1,12740.5,12907,14198,12789,,一般,,2026-07-12 09:37:52,2026-07-12 09:37:52
20260709,SXF,202612,-,-,-,-,-,-,0,NULL,-,12680.5,12819,14198,12789,,盤後,,2026-07-12 09:37:52,2026-07-12 09:37:52
20260709,SXF,202703,-,-,-,-,-,-,0,13321,0,-,-,-,-,,一般,,2026-07-12 09:37:52,2026-07-12 09:37:52
20260709,SXF,202703,-,-,-,-,-,-,0,NULL,-,-,-,-,-,,盤後,,2026-07-12 09:37:52,2026-07-12 09:37:52
20260709,SXF,202706,-,-,-,-,-,-,0,13424,0,-,-,-,-,,一般,,2026-07-12 09:37:52,2026-07-12 09:37:52
20260709,SXF,202706,-,-,-,-,-,-,0,NULL,-,-,-,-,-,,盤後,,2026-07-12 09:37:52,2026-07-12 09:37:52
20260709,SYF,202607,508,516,501,504,2,0.40%,28,501,170,454.5,509,605,480,,一般,,2026-07-12 09:37:52,2026-07-12 09:37:52
20260709,SYF,202607/202608,2.5,2.5,2.5,2.5,-,-,1,-,-,2,2.5,4.01,2.5,,一般,0,2026-07-12 09:37:52,2026-07-12 09:37:52
20260709,SYF,202608,504,-,-,504,0,0.00%,1,500,64,456.5,512,569,494,,一般,,2026-07-12 09:37:52,2026-07-12 09:37:52
20260709,SYF,202609,-,-,-,-,-,-,0,501,1,-,527,575,575,,一般,,2026-07-12 09:37:52,2026-07-12 09:37:52
20260709,SYF,202612,-,-,-,-,-,-,0,501,0,-,-,474.5,474.5,,一般,,2026-07-12 09:37:52,2026-07-12 09:37:52
20260709,SYF,202703,-,-,-,-,-,-,0,501,0,-,-,-,-,,一般,,2026-07-12 09:37:52,2026-07-12 09:37:52
20260709,SZF,202607,504,515,495.5,501,-1,-0.20%,426,501,2514,501,502,619,469.5,,一般,,2026-07-12 09:37:52,2026-07-12 09:37:52
20260709,SZF,202607/202608,3.07,3.08,2.1,2.11,-,-,104,-,-,2.11,3.07,4.01,1.99,,一般,26,2026-07-12 09:37:52,2026-07-12 09:37:52
20260709,SZF,202608,511,516,500,500,-4,-0.79%,132,500,379,503,506,564,489,,一般,,2026-07-12 09:37:52,2026-07-12 09:37:52
20260709,SZF,202609,-,-,-,-,-,-,0,501,38,489,520,623,331.5,,一般,,2026-07-12 09:37:52,2026-07-12 09:37:52
20260709,SZF,202612,-,-,-,-,-,-,0,501,52,483.5,-,525,370,,一般,,2026-07-12 09:37:52,2026-07-12 09:37:52
20260709,SZF,202703,-,-,-,-,-,-,0,501,0,483.5,-,-,-,,一般,,2026-07-12 09:37:52,2026-07-12 09:37:52
20260709,TE,202607,2938.55,2963.65,2912.1,2930.35,5.35,0.18%,164,2928.9,470,2922.45,2949.95,3200.75,2668,,一般,,2026-07-12 09:37:52,2026-07-12 09:37:52
20260709,TE,202607,2925.25,2935,2841.4,2911.05,-13.95,-0.48%,118,NULL,-,2916.95,2949.5,3200.75,2668,,盤後,,2026-07-12 09:37:52,2026-07-12 09:37:52
20260709,TE,202607/202608,20.2,24.45,20.2,21.9,-,-,3,-,-,22.75,26.35,24.45,-39.95,,一般,0,2026-07-12 09:37:52,2026-07-12 09:37:52
20260709,TE,202608,2946.55,-,-,2946.55,0,0.00%,3,2950.45,11,2945.2,2976.3,3115,2875.95,,一般,,2026-07-12 09:37:52,2026-07-12 09:37:52
20260709,TE,202608,2886.15,2940.4,2875.95,2940.4,-6.15,-0.21%,5,NULL,-,2934,2973.35,3115,2875.95,,盤後,,2026-07-12 09:37:52,2026-07-12 09:37:52
20260709,TE,202609,-,-,-,-,-,-,0,2780.9,0,-,-,2586,2510,,一般,,2026-07-12 09:37:52,2026-07-12 09:37:52
20260709,TE,202609,-,-,-,-,-,-,0,NULL,-,-,-,2586,2510,,盤後,,2026-07-12 09:37:52,2026-07-12 09:37:52
20260709,TE,202612,-,-,-,-,-,-,0,2786.8,0,-,-,-,-,,一般,,2026-07-12 09:37:52,2026-07-12 09:37:52
20260709,TE,202612,-,-,-,-,-,-,0,NULL,-,-,-,-,-,,盤後,,2026-07-12 09:37:52,2026-07-12 09:37:52
20260709,TE,202703,-,-,-,-,-,-,0,2822.65,0,-,-,-,-,,一般,,2026-07-12 09:37:52,2026-07-12 09:37:52
20260709,TE,202703,-,-,-,-,-,-,0,NULL,-,-,-,-,-,,盤後,,2026-07-12 09:37:52,2026-07-12 09:37:52
20260709,TE,202706,-,-,-,-,-,-,0,3072.2,0,-,-,-,-,,一般,,2026-07-12 09:37:52,2026-07-12 09:37:52
20260709,TE,202706,-,-,-,-,-,-,0,NULL,-,-,-,-,-,,盤後,,2026-07-12 09:37:52,2026-07-12 09:37:52
20260709,TF,202607,3187,3187,3111,3138.4,-19.8,-0.63%,407,3138.2,387,3135.2,3139.8,3256.8,2533.4,,一般,,2026-07-12 09:37:52,2026-07-12 09:37:52
20260709,TF,202607,3131.4,3186.2,3129,3186.2,28,0.89%,18,NULL,-,3143.6,3185.8,3256.8,2533.4,,盤後,,2026-07-12 09:37:52,2026-07-12 09:37:52
20260709,TF,202607/202608,-16.2,-15,-16.2,-15,-,-,5,-,-,-15.2,-13.2,-10.2,-17.6,,一般,7,2026-07-12 09:37:52,2026-07-12 09:37:52
20260709,TF,202608,3127.4,3129.2,3120.6,3120.6,-21.4,-0.68%,12,3120.6,22,3120,3126.6,3222.6,3120.6,,一般,,2026-07-12 09:37:52,2026-07-12 09:37:52
20260709,TF,202608,-,-,-,-,-,-,0,NULL,-,3128,3172.6,3222.6,3197.6,,盤後,,2026-07-12 09:37:52,2026-07-12 09:37:52
20260709,TF,202609,-,-,-,-,-,-,0,3011.8,0,-,-,-,-,,一般,,2026-07-12 09:37:52,2026-07-12 09:37:52
20260709,TF,202609,-,-,-,-,-,-,0,NULL,-,-,-,-,-,,盤後,,2026-07-12 09:37:52,2026-07-12 09:37:52
20260709,TF,202612,-,-,-,-,-,-,0,3014.6,0,-,-,-,-,,一般,,2026-07-12 09:37:52,2026-07-12 09:37:52
20260709,TF,202612,-,-,-,-,-,-,0,NULL,-,-,-,-,-,,盤後,,2026-07-12 09:37:52,2026-07-12 09:37:52
20260709,TF,202703,-,-,-,-,-,-,0,3112.8,0,-,-,-,-,,一般,,2026-07-12 09:37:52,2026-07-12 09:37:52
20260709,TF,202703,-,-,-,-,-,-,0,NULL,-,-,-,-,-,,盤後,,2026-07-12 09:37:52,2026-07-12 09:37:52
20260709,TF,202706,-,-,-,-,-,-,0,3137.8,0,-,-,-,-,,一般,,2026-07-12 09:37:52,2026-07-12 09:37:52
20260709,TF,202706,-,-,-,-,-,-,0,NULL,-,-,-,-,-,,盤後,,2026-07-12 09:37:52,2026-07-12 09:37:52
20260709,TGF,202608,16006,16139,15910,16139,19,0.12%,517,16111,2055,15920,16111,18655.5,15425,,一般,,2026-07-12 09:37:52,2026-07-12 09:37:52
20260709,TGF,202608,16028.5,16028.5,15851,16000,-120,-0.74%,43,NULL,-,15960,16454,18655.5,15425,,盤後,,2026-07-12 09:37:52,2026-07-12 09:37:52
20260709,TGF,202610,16145,16272,16032,16260,8.5,0.05%,188,16255.5,278,16038.5,16255.5,16500,15643,,一般,,2026-07-12 09:37:52,2026-07-12 09:37:52
20260709,TGF,202610,-,-,-,-,-,-,0,NULL,-,16060,16608,16500,15643,,盤後,,2026-07-12 09:37:52,2026-07-12 09:37:52
20260709,TGF,202612,-,-,-,-,-,-,0,16240,0,15438,17060,-,-,,一般,,2026-07-12 09:37:52,2026-07-12 09:37:52
20260709,TGF,202612,-,-,-,-,-,-,0,NULL,-,15438,17060,-,-,,盤後,,2026-07-12 09:37:52,2026-07-12 09:37:52
20260709,TGF,202702,-,-,-,-,-,-,0,16191.5,0,-,-,-,-,,一般,,2026-07-12 09:37:52,2026-07-12 09:37:52
20260709,TGF,202702,-,-,-,-,-,-,0,NULL,-,-,-,-,-,,盤後,,2026-07-12 09:37:52,2026-07-12 09:37:52
20260709,TGF,202704,-,-,-,-,-,-,0,16506,0,-,-,-,-,,一般,,2026-07-12 09:37:52,2026-07-12 09:37:52
20260709,TGF,202704,-,-,-,-,-,-,0,NULL,-,-,-,-,-,,盤後,,2026-07-12 09:37:52,2026-07-12 09:37:52
20260709,TGF,202706,-,-,-,-,-,-,0,16401.5,0,-,-,-,-,,一般,,2026-07-12 09:37:52,2026-07-12 09:37:52
20260709,TGF,202706,-,-,-,-,-,-,0,NULL,-,-,-,-,-,,盤後,,2026-07-12 09:37:52,2026-07-12 09:37:52
20260709,TJF,202607,4027,4038.5,4013,4018,10.5,0.26%,24,4018,20,4010,4060.5,4148,3776.25,,一般,,2026-07-12 09:37:52,2026-07-12 09:37:52
20260709,TJF,202607,3962.25,4017.75,3962.25,4017.75,10.25,0.26%,179,NULL,-,3957,4041,4148,3776.25,,盤後,,2026-07-12 09:37:52,2026-07-12 09:37:52
20260709,TJF,202607/202608,3,4,3,4,-,-,2,-,-,0,5,4,-3,,一般,1,2026-07-12 09:37:52,2026-07-12 09:37:52
20260709,TJF,202608,4030,4030,4015.5,4020.5,8.75,0.22%,63,4020.5,109,4015,4060.5,4145,3890.5,,一般,,2026-07-12 09:37:52,2026-07-12 09:37:52
20260709,TJF,202608,4000,4000.25,3997.25,3997.25,-14.5,-0.36%,6,NULL,-,3956,4040,4145,3890.5,,盤後,,2026-07-12 09:37:52,2026-07-12 09:37:52
20260709,TJF,202609,-,-,-,-,-,-,0,3998,0,3669,4306,-,-,,一般,,2026-07-12 09:37:52,2026-07-12 09:37:52
20260709,TJF,202609,-,-,-,-,-,-,0,NULL,-,-,-,-,-,,盤後,,2026-07-12 09:37:52,2026-07-12 09:37:52
20260709,TJF,202612,-,-,-,-,-,-,0,3998,1,3946,4306,3900,3412.5,,一般,,2026-07-12 09:37:52,2026-07-12 09:37:52
20260709,TJF,202612,-,-,-,-,-,-,0,NULL,-,3876,-,3900,3412.5,,盤後,,2026-07-12 09:37:52,2026-07-12 09:37:52
20260709,TJF,202703,-,-,-,-,-,-,0,4014,0,3684,4323,-,-,,一般,,2026-07-12 09:37:52,2026-07-12 09:37:52
20260709,TJF,202703,-,-,-,-,-,-,0,NULL,-,-,-,-,-,,盤後,,2026-07-12 09:37:52,2026-07-12 09:37:52
20260709,TMF,202607,46015,46150,45333,45680,117,0.26%,244095,45648,67632,45672,45680,49243,36967,,一般,,2026-07-12 09:37:52,2026-07-12 09:37:52
20260709,TMF,202607,45500,45985,44580,45728,165,0.36%,395234,NULL,-,45726,45734,49243,36967,,盤後,,2026-07-12 09:37:52,2026-07-12 09:37:52
20260709,TMF,202607/202608,266,321,266,321,-,-,24,-,-,314,323,321,110,,一般,5794,2026-07-12 09:37:52,2026-07-12 09:37:52
20260709,TMF,202607/202608,273,275,250,250,-,-,20,-,-,251,264,314,110,,盤後,5847,2026-07-12 09:37:52,2026-07-12 09:37:52
20260709,TMF,202607/202609,479,479,479,479,-,-,2,-,-,465,479,778,313,,一般,548,2026-07-12 09:37:52,2026-07-12 09:37:52
20260709,TMF,202608,46250,46435,45634,45993,147,0.32%,16887,45960,16898,45995,45999,49493,40924,,一般,,2026-07-12 09:37:52,2026-07-12 09:37:52
20260709,TMF,202608,45771,46230,44866,45979,133,0.29%,26542,NULL,-,45977,45994,49493,40924,,盤後,,2026-07-12 09:37:52,2026-07-12 09:37:52
20260709,TMF,202609,46482,46623,45802,46139,124,0.27%,1487,46166,6448,46140,46155,49700,24956,,一般,,2026-07-12 09:37:52,2026-07-12 09:37:52
20260709,TMF,202609,45980,46430,45067,46172,157,0.34%,2439,NULL,-,46171,46199,49700,24956,,盤後,,2026-07-12 09:37:52,2026-07-12 09:37:52
20260709,TMF,202612,47287,47422,46620,46955,109,0.23%,484,46950,2748,46906,46968,50353,27406,,一般,,2026-07-12 09:37:52,2026-07-12 09:37:52
20260709,TMF,202612,46700,47201,45887,46907,61,0.13%,662,NULL,-,46957,47027,50353,27406,,盤後,,2026-07-12 09:37:52,2026-07-12 09:37:52
20260709,TMF,202703,48120,48258,47488,47755,55,0.12%,230,47822,1882,47796,47839,51163,32250,,一般,,2026-07-12 09:37:52,2026-07-12 09:37:52
20260709,TMF,202703,47800,48100,46745,47745,45,0.09%,204,NULL,-,47857,47888,51163,32250,,盤後,,2026-07-12 09:37:52,2026-07-12 09:37:52
20260709,TMF,202706,49000,49050,48300,48525,33,0.07%,78,48617,748,48575,48658,52005,47200,,一般,,2026-07-12 09:37:52,2026-07-12 09:37:52
20260709,TMF,202706,48378,48888,47597,48640,148,0.31%,137,NULL,-,48640,48688,52005,47200,,盤後,,2026-07-12 09:37:52,2026-07-12 09:37:52
20260709,TX,202607,46008,46158,45331,45678,115,0.25%,73407,45648,91340,45677,45682,49240,36972,,一般,,2026-07-12 09:37:52,2026-07-12 09:37:52
20260709,TX,202607,45458,45984,44575,45727,164,0.36%,72702,NULL,-,45730,45746,49240,36972,,盤後,,2026-07-12 09:37:52,2026-07-12 09:37:52
20260709,TX,202607/202608,260,329,259,322,-,-,4170,-,-,320,322,329,134,,一般,1428,2026-07-12 09:37:52,2026-07-12 09:37:52
20260709,TX,202607/202608,260,280,250,255,-,-,97,-,-,250,258,306,134,,盤後,549,2026-07-12 09:37:52,2026-07-12 09:37:52
20260709,TX,202607/202609,470,477,469,470,-,-,367,-,-,469,475,532,174,,一般,94,2026-07-12 09:37:52,2026-07-12 09:37:52
20260709,TX,202607/202609,460,462,460,462,-,-,11,-,-,452,467,532,174,,盤後,49,2026-07-12 09:37:52,2026-07-12 09:37:52
20260709,TX,202608,46261,46430,45650,45987,141,0.31%,7445,45960,15623,45997,46004,49470,41300,,一般,,2026-07-12 09:37:52,2026-07-12 09:37:52
20260709,TX,202608,45745,46225,44870,45962,116,0.25%,815,NULL,-,45980,46004,49470,41300,,盤後,,2026-07-12 09:37:52,2026-07-12 09:37:52
20260709,TX,202609,46431,46526,45803,46166,151,0.33%,468,46166,2009,46146,46157,49651,24962,,一般,,2026-07-12 09:37:52,2026-07-12 09:37:52
20260709,TX,202609,45852,46390,45073,46105,90,0.20%,69,NULL,-,46182,46213,49651,24962,,盤後,,2026-07-12 09:37:52,2026-07-12 09:37:52
20260709,TX,202612,46894,46894,46894,46894,48,0.10%,1,46950,310,46943,46958,50228,27382,,一般,,2026-07-12 09:37:52,2026-07-12 09:37:52
20260709,TX,202612,46118,46916,46118,46869,23,0.05%,13,NULL,-,46960,47035,50228,27382,,盤後,,2026-07-12 09:37:52,2026-07-12 09:37:52
20260709,TX,202703,47941,48004,47723,47948,248,0.52%,9,47822,157,47816,47828,50802,32400,,一般,,2026-07-12 09:37:52,2026-07-12 09:37:52
20260709,TX,202703,46917,47530,46917,47530,-170,-0.36%,3,NULL,-,47855,47893,50802,32400,,盤後,,2026-07-12 09:37:52,2026-07-12 09:37:52
20260709,TX,202706,48739,48739,48739,48739,247,0.51%,10,48617,20,48593,48641,51411,47571,,一般,,2026-07-12 09:37:52,2026-07-12 09:37:52
20260709,TX,202706,47774,48739,47694,48739,247,0.51%,14,NULL,-,48647,48731,51411,47571,,盤後,,2026-07-12 09:37:52,2026-07-12 09:37:52
20260709,UAF,202607,226,231.5,220,220,-7,-3.08%,111,220,401,218.5,220,294.5,191,,一般,,2026-07-12 09:37:52,2026-07-12 09:37:52
20260709,UAF,202607/202608,0.2,0.2,0.1,0.1,-,-,12,-,-,0.01,0.1,1.01,0.1,,一般,13,2026-07-12 09:37:52,2026-07-12 09:37:52
20260709,UAF,202608,225,225,220.5,220.5,-5.5,-2.43%,26,220.5,110,219,220.5,252.5,220.5,,一般,,2026-07-12 09:37:52,2026-07-12 09:37:52
20260709,UAF,202609,-,-,-,-,-,-,0,220,10,221.5,227.5,252,230,,一般,,2026-07-12 09:37:52,2026-07-12 09:37:52
20260709,UAF,202612,-,-,-,-,-,-,0,221,2,210.5,230,225.5,225.5,,一般,,2026-07-12 09:37:52,2026-07-12 09:37:52
20260709,UAF,202703,-,-,-,-,-,-,0,220.5,0,210.5,-,-,-,,一般,,2026-07-12 09:37:52,2026-07-12 09:37:52
20260709,UBF,202607,880,908,863,864,-2,-0.23%,202,866,443,864,876,995,735,,一般,,2026-07-12 09:37:52,2026-07-12 09:37:52
20260709,UBF,202607/202608,4.83,5.65,3.99,5.65,-,-,39,-,-,5.25,5.65,5.97,3.99,,一般,5,2026-07-12 09:37:52,2026-07-12 09:37:52
20260709,UBF,202608,900,900,875,875,8,0.92%,44,875,112,869,882,961,875,,一般,,2026-07-12 09:37:52,2026-07-12 09:37:52
20260709,UBF,202609,-,-,-,-,-,-,0,871,0,-,-,-,-,,一般,,2026-07-12 09:37:52,2026-07-12 09:37:52
20260709,UBF,202612,-,-,-,-,-,-,0,868,0,-,-,-,-,,一般,,2026-07-12 09:37:52,2026-07-12 09:37:52
20260709,UBF,202703,-,-,-,-,-,-,0,872,0,-,-,-,-,,一般,,2026-07-12 09:37:52,2026-07-12 09:37:52
20260709,UCF,202607,79.5,79.5,78.5,78.5,-1.6,-2.00%,8,78.5,162,75.3,79.3,89,72.9,,一般,,2026-07-12 09:37:52,2026-07-12 09:37:52
20260709,UCF,202607/202608,0.3,0.3,0.25,0.25,-,-,5,-,-,0.2,0.25,0.3,0.25,,一般,0,2026-07-12 09:37:52,2026-07-12 09:37:52
20260709,UCF,202608,79.4,-,-,79.4,0,0.00%,5,77.8,18,75.5,79.6,82,78.1,,一般,,2026-07-12 09:37:52,2026-07-12 09:37:52
20260709,UCF,202609,-,-,-,-,-,-,0,78.6,4,72.8,-,88.9,88,,一般,,2026-07-12 09:37:52,2026-07-12 09:37:52
20260709,UCF,202612,-,-,-,-,-,-,0,78.6,1,72.8,-,89.4,89.4,,一般,,2026-07-12 09:37:52,2026-07-12 09:37:52
20260709,UCF,202703,-,-,-,-,-,-,0,78.6,1,72.8,-,91,91,,一般,,2026-07-12 09:37:52,2026-07-12 09:37:52
20260709,UDF,202609,52777,52777,52680,52680,-475,-0.89%,3,52680,264,52455,52799,53655,45815,,一般,,2026-07-12 09:37:52,2026-07-12 09:37:52
20260709,UDF,202609,53035,53070,52388,52660,-495,-0.93%,167,NULL,-,52410,52815,53655,45815,,盤後,,2026-07-12 09:37:52,2026-07-12 09:37:52
20260709,UDF,202612,53182,53182,53182,53182,-418,-0.78%,1,53182,8,52865,53257,53805,46500,,一般,,2026-07-12 09:37:52,2026-07-12 09:37:52
20260709,UDF,202612,52990,52990,52843,52843,-757,-1.41%,3,NULL,-,52825,53261,53805,46500,,盤後,,2026-07-12 09:37:52,2026-07-12 09:37:52
20260709,UDF,202703,-,-,-,-,-,-,0,53709,0,-,-,-,-,,一般,,2026-07-12 09:37:52,2026-07-12 09:37:52
20260709,UDF,202703,-,-,-,-,-,-,0,NULL,-,-,-,-,-,,盤後,,2026-07-12 09:37:52,2026-07-12 09:37:52
20260709,UDF,202706,-,-,-,-,-,-,0,54184,0,-,-,-,-,,一般,,2026-07-12 09:37:52,2026-07-12 09:37:52
20260709,UDF,202706,-,-,-,-,-,-,0,NULL,-,-,-,-,-,,盤後,,2026-07-12 09:37:52,2026-07-12 09:37:52
20260709,UEF,202607,43.3,43.3,43.3,43.3,0.4,0.93%,1,43.3,35,42.6,-,43.35,41.7,,一般,,2026-07-12 09:37:52,2026-07-12 09:37:52
20260709,UEF,202608,-,-,-,-,-,-,0,43.4,5,42.75,-,42.9,42,,一般,,2026-07-12 09:37:52,2026-07-12 09:37:52
20260709,UEF,202609,-,-,-,-,-,-,0,43.15,3,-,-,40.5,39.8,,一般,,2026-07-12 09:37:52,2026-07-12 09:37:52
20260709,UEF,202612,-,-,-,-,-,-,0,43.15,0,-,-,-,-,,一般,,2026-07-12 09:37:52,2026-07-12 09:37:52
20260709,UEF,202703,-,-,-,-,-,-,0,43.2,0,-,-,-,-,,一般,,2026-07-12 09:37:52,2026-07-12 09:37:52
20260709,UFF,202607,59.6,59.6,57.4,59.3,-0.3,-0.50%,111,59.3,670,59.3,59.8,61.7,49.5,,一般,,2026-07-12 09:37:52,2026-07-12 09:37:52
20260709,UFF,202607/202608,0.21,0.23,0.21,0.23,-,-,3,-,-,0.24,0.33,0.23,0.19,,一般,10,2026-07-12 09:37:52,2026-07-12 09:37:52
20260709,UFF,202608,59.2,59.5,57.7,59.3,-0.4,-0.67%,14,59.3,45,59.5,60.2,61.5,53.2,,一般,,2026-07-12 09:37:52,2026-07-12 09:37:52
20260709,UFF,202609,-,-,-,-,-,-,0,58.8,22,57.5,-,62.5,51.1,,一般,,2026-07-12 09:37:52,2026-07-12 09:37:52
20260709,UFF,202612,-,-,-,-,-,-,0,58.8,0,57.5,-,52.5,52.5,,一般,,2026-07-12 09:37:52,2026-07-12 09:37:52
20260709,UFF,202703,-,-,-,-,-,-,0,58.5,0,57.5,-,-,-,,一般,,2026-07-12 09:37:52,2026-07-12 09:37:52
20260709,UGF,202607,-,-,-,-,-,-,0,655,5,604,-,710,675,,一般,,2026-07-12 09:37:52,2026-07-12 09:37:52
20260709,UGF,202608,-,-,-,-,-,-,0,652,1,608,-,688,688,,一般,,2026-07-12 09:37:52,2026-07-12 09:37:52
20260709,UGF,202609,-,-,-,-,-,-,0,657,0,-,-,-,-,,一般,,2026-07-12 09:37:52,2026-07-12 09:37:52
20260709,UGF,202612,-,-,-,-,-,-,0,653,0,-,-,-,-,,一般,,2026-07-12 09:37:52,2026-07-12 09:37:52
20260709,UGF,202703,-,-,-,-,-,-,0,653,0,-,-,-,-,,一般,,2026-07-12 09:37:52,2026-07-12 09:37:52
20260709,UHF,202607,2367,2437,2334,2351,6,0.26%,2713,2349,4283,2340,2350,3025,2205,,一般,,2026-07-12 09:37:52,2026-07-12 09:37:52
20260709,UHF,202607/202608,17.01,17.01,16,16,-,-,86,-,-,15.35,16.45,20.3,14.99,,一般,145,2026-07-12 09:37:52,2026-07-12 09:37:52
20260709,UHF,202608,2385,2452,2350,2365,3,0.13%,241,2365,719,2355,2367,2820,2245,,一般,,2026-07-12 09:37:52,2026-07-12 09:37:52
20260709,UHF,202609,-,-,-,-,-,-,0,2350,42,2352,-,2950,1380,,一般,,2026-07-12 09:37:52,2026-07-12 09:37:52
20260709,UHF,202612,-,-,-,-,-,-,0,2329,8,2339,-,2820,1650,,一般,,2026-07-12 09:37:52,2026-07-12 09:37:52
20260709,UHF,202703,-,-,-,-,-,-,0,2354,4,2352,-,2610,2400,,一般,,2026-07-12 09:37:52,2026-07-12 09:37:52
20260709,UIF,202607,664,666,655,655,-5,-0.76%,31,655,328,641,655,780,609,,一般,,2026-07-12 09:37:52,2026-07-12 09:37:52
20260709,UIF,202607/202608,5,5,5,5,-,-,2,-,-,-3,3.9,5,-0.01,,一般,0,2026-07-12 09:37:52,2026-07-12 09:37:52
20260709,UIF,202608,665,-,-,665,0,0.00%,2,652,23,645,659,710,640,,一般,,2026-07-12 09:37:52,2026-07-12 09:37:52
20260709,UIF,202609,-,-,-,-,-,-,0,657,1,-,-,655,516,,一般,,2026-07-12 09:37:52,2026-07-12 09:37:52
20260709,UIF,202612,-,-,-,-,-,-,0,653,1,-,-,606,504,,一般,,2026-07-12 09:37:52,2026-07-12 09:37:52
20260709,UIF,202703,-,-,-,-,-,-,0,653,0,-,-,-,-,,一般,,2026-07-12 09:37:52,2026-07-12 09:37:52
20260709,UJF,202607,14.9,14.9,14.9,14.9,-0.04,-0.27%,1,14.96,305,14.96,15.04,15.2,14.68,,一般,,2026-07-12 09:37:52,2026-07-12 09:37:52
20260709,UJF,202608,14.96,14.97,14.96,14.97,-0.01,-0.07%,4,14.97,62,14.99,15.07,15.2,14.94,,一般,,2026-07-12 09:37:52,2026-07-12 09:37:52
20260709,UJF,202609,-,-,-,-,-,-,0,15.02,868,15.02,15.12,15.64,14.7,,一般,,2026-07-12 09:37:52,2026-07-12 09:37:52
20260709,UJF,202612,15.08,15.08,15.08,15.08,-0.05,-0.33%,2,15.15,381,15.13,15.22,15.68,14.84,,一般,,2026-07-12 09:37:52,2026-07-12 09:37:52
20260709,UJF,202703,15.35,15.35,15.35,15.35,0.07,0.46%,2,15.3,210,15.21,15.35,15.54,14.91,,一般,,2026-07-12 09:37:52,2026-07-12 09:37:52
20260709,UKF,202607,-,-,-,-,-,-,0,28,10,27.97,28.02,28.71,27.73,,一般,,2026-07-12 09:37:52,2026-07-12 09:37:52
20260709,UKF,202608,-,-,-,-,-,-,0,28.06,3,28.06,28.11,28.8,28.04,,一般,,2026-07-12 09:37:52,2026-07-12 09:37:52
20260709,UKF,202609,-,-,-,-,-,-,0,28.08,23,28.08,28.22,29.57,28.15,,一般,,2026-07-12 09:37:52,2026-07-12 09:37:52
20260709,UKF,202612,-,-,-,-,-,-,0,28.27,13,28.21,28.57,29.19,28.34,,一般,,2026-07-12 09:37:52,2026-07-12 09:37:52
20260709,UKF,202703,-,-,-,-,-,-,0,28.31,0,28.35,28.83,-,-,,一般,,2026-07-12 09:37:52,2026-07-12 09:37:52
20260709,ULF,202607,939,941,912,914,-9,-0.98%,933,909,2528,914,916,1315,896,,一般,,2026-07-12 09:37:52,2026-07-12 09:37:52
20260709,ULF,202607/202608,3.01,3.01,0.92,0.92,-,-,190,-,-,0.9,1.01,14.01,0.92,,一般,99,2026-07-12 09:37:52,2026-07-12 09:37:52
20260709,ULF,202608,938,943,915,916,-8,-0.87%,332,916,1344,916,918,1115,900,,一般,,2026-07-12 09:37:52,2026-07-12 09:37:52
20260709,ULF,202609,-,-,-,-,-,-,0,923,50,915,-,1305,876,,一般,,2026-07-12 09:37:52,2026-07-12 09:37:52
20260709,ULF,202612,-,-,-,-,-,-,0,917,19,911,-,1295,905,,一般,,2026-07-12 09:37:52,2026-07-12 09:37:52
20260709,ULF,202703,-,-,-,-,-,-,0,924,3,950,-,1020,1020,,一般,,2026-07-12 09:37:52,2026-07-12 09:37:52
20260709,UMF,202607,4260,4335,4175,4270,190,4.66%,45,4220,177,4185,4260,5430,3855,,一般,,2026-07-12 09:37:52,2026-07-12 09:37:52
20260709,UMF,202607/202608,22.62,22.62,18.22,18.22,-,-,29,-,-,14.99,18.22,35.01,18.22,,一般,1,2026-07-12 09:37:52,2026-07-12 09:37:52
20260709,UMF,202608,4270,4270,4270,4270,170,4.15%,30,4240,87,4195,4280,4930,4060,,一般,,2026-07-12 09:37:52,2026-07-12 09:37:52
20260709,UMF,202609,-,-,-,-,-,-,0,4235,0,-,-,-,-,,一般,,2026-07-12 09:37:52,2026-07-12 09:37:52
20260709,UMF,202612,-,-,-,-,-,-,0,4220,0,-,-,-,-,,一般,,2026-07-12 09:37:52,2026-07-12 09:37:52
20260709,UMF,202703,-,-,-,-,-,-,0,4220,0,-,-,-,-,,一般,,2026-07-12 09:37:52,2026-07-12 09:37:52
20260709,UNF,202609,29600,29622,29438,29573,174,0.59%,245,29573,800,29537,29574,31016,23490,,一般,,2026-07-12 09:37:52,2026-07-12 09:37:52
20260709,UNF,202609,29359,29525,28950,29400,1,0.00%,370,NULL,-,29396,29477,31016,23490,,盤後,,2026-07-12 09:37:52,2026-07-12 09:37:52
20260709,UNF,202612,29867,29867,29867,29867,155,0.52%,2,29867,38,29842,29909,31308,29600,,一般,,2026-07-12 09:37:52,2026-07-12 09:37:52
20260709,UNF,202612,-,-,-,-,-,-,0,NULL,-,29702,29798,31308,29600,,盤後,,2026-07-12 09:37:52,2026-07-12 09:37:52
20260709,UNF,202703,-,-,-,-,-,-,0,30590,0,-,-,-,-,,一般,,2026-07-12 09:37:52,2026-07-12 09:37:52
20260709,UNF,202703,-,-,-,-,-,-,0,NULL,-,-,-,-,-,,盤後,,2026-07-12 09:37:52,2026-07-12 09:37:52
20260709,UNF,202706,-,-,-,-,-,-,0,30981,0,-,-,-,-,,一般,,2026-07-12 09:37:52,2026-07-12 09:37:52
20260709,UNF,202706,-,-,-,-,-,-,0,NULL,-,-,-,-,-,,盤後,,2026-07-12 09:37:52,2026-07-12 09:37:52
20260709,UNF,202709,-,-,-,-,-,-,0,31157,0,-,-,-,-,,一般,,2026-07-12 09:37:52,2026-07-12 09:37:52
20260709,UNF,202709,-,-,-,-,-,-,0,NULL,-,-,-,-,-,,盤後,,2026-07-12 09:37:52,2026-07-12 09:37:52
20260709,UOF,202607,4125,4370,4120,4225,145,3.55%,2605,4220,4095,4220,4230,5100,3855,,一般,,2026-07-12 09:37:52,2026-07-12 09:37:52
20260709,UOF,202607/202608,23,25.2,19.99,20.01,-,-,442,-,-,19.99,20.01,35.01,19.99,,一般,226,2026-07-12 09:37:52,2026-07-12 09:37:52
20260709,UOF,202608,4220,4385,4155,4240,140,3.41%,748,4240,1475,4235,4245,4930,3910,,一般,,2026-07-12 09:37:52,2026-07-12 09:37:52
20260709,UOF,202609,-,-,-,-,-,-,0,4235,17,4215,-,4965,2600,,一般,,2026-07-12 09:37:52,2026-07-12 09:37:52
20260709,UOF,202612,-,-,-,-,-,-,0,4220,9,4215,-,5635,2580,,一般,,2026-07-12 09:37:52,2026-07-12 09:37:52
20260709,UOF,202703,-,-,-,-,-,-,0,4220,0,4215,-,4210,4065,,一般,,2026-07-12 09:37:52,2026-07-12 09:37:52
20260709,UPF,202607,433,433,428,428,3.5,0.82%,77,428,42,428,430,460,346,,一般,,2026-07-12 09:37:52,2026-07-12 09:37:52
20260709,UPF,202607/202608,1,1,1,1,-,-,74,-,-,-0.01,1,2.05,0.99,,一般,2,2026-07-12 09:37:52,2026-07-12 09:37:52
20260709,UPF,202608,434,434,434,434,6,1.40%,76,428.5,394,427.5,431,441.5,420.5,,一般,,2026-07-12 09:37:52,2026-07-12 09:37:52
20260709,UPF,202609,-,-,-,-,-,-,0,429.5,0,414,444,-,-,,一般,,2026-07-12 09:37:52,2026-07-12 09:37:52
20260709,UPF,202612,-,-,-,-,-,-,0,428.5,0,414,-,-,-,,一般,,2026-07-12 09:37:52,2026-07-12 09:37:52
20260709,UPF,202703,-,-,-,-,-,-,0,421.5,0,414,-,-,-,,一般,,2026-07-12 09:37:52,2026-07-12 09:37:52
20260709,UQF,202607,426,432.5,422,428.5,4,0.94%,66,428,534,427,429,463.5,337,,一般,,2026-07-12 09:37:52,2026-07-12 09:37:52
20260709,UQF,202607/202608,1,2.5,1,2.5,-,-,23,-,-,1.5,3.5,3,1,,一般,0,2026-07-12 09:37:52,2026-07-12 09:37:52
20260709,UQF,202608,425,425,425,425,-3,-0.70%,25,428.5,137,428.5,432.5,462.5,418.5,,一般,,2026-07-12 09:37:52,2026-07-12 09:37:52
20260709,UQF,202609,-,-,-,-,-,-,0,429.5,8,413,443,612,350,,一般,,2026-07-12 09:37:52,2026-07-12 09:37:52
20260709,UQF,202612,-,-,-,-,-,-,0,428.5,5,413,-,569,352,,一般,,2026-07-12 09:37:52,2026-07-12 09:37:52
20260709,UQF,202703,-,-,-,-,-,-,0,421.5,0,413,-,-,-,,一般,,2026-07-12 09:37:52,2026-07-12 09:37:52
20260709,URF,202607,-,-,-,-,-,-,0,130.85,1,121.5,139.5,131,131,,一般,,2026-07-12 09:37:52,2026-07-12 09:37:52
20260709,URF,202608,-,-,-,-,-,-,0,131.25,1,-,-,131,131,,一般,,2026-07-12 09:37:52,2026-07-12 09:37:52
20260709,URF,202609,-,-,-,-,-,-,0,130.1,0,-,-,-,-,,一般,,2026-07-12 09:37:52,2026-07-12 09:37:52
20260709,URF,202612,-,-,-,-,-,-,0,130.6,1,-,-,120.4,120.4,,一般,,2026-07-12 09:37:52,2026-07-12 09:37:52
20260709,URF,202703,-,-,-,-,-,-,0,129.5,0,-,-,-,-,,一般,,2026-07-12 09:37:52,2026-07-12 09:37:52
20260709,USF,202607,-,-,-,-,-,-,0,130.85,19,121.5,132.45,133.1,125.05,,一般,,2026-07-12 09:37:52,2026-07-12 09:37:52
20260709,USF,202608,-,-,-,-,-,-,0,131.25,1,121.75,133.45,130.85,130.85,,一般,,2026-07-12 09:37:52,2026-07-12 09:37:52
20260709,USF,202609,-,-,-,-,-,-,0,130.1,3,-,-,128.4,119.3,,一般,,2026-07-12 09:37:52,2026-07-12 09:37:52
20260709,USF,202612,-,-,-,-,-,-,0,130.6,7,-,-,120.5,108.65,,一般,,2026-07-12 09:37:52,2026-07-12 09:37:52
20260709,USF,202703,-,-,-,-,-,-,0,129.5,0,-,-,-,-,,一般,,2026-07-12 09:37:52,2026-07-12 09:37:52
20260709,UTF,202607,248,265.5,241.5,259.5,18,7.45%,606,259.5,1249,258,261.5,303,218.5,,一般,,2026-07-12 09:37:52,2026-07-12 09:37:52
20260709,UTF,202607/202608,0.99,1.01,0.98,1.01,-,-,48,-,-,0.99,1.51,1.01,0.49,,一般,20,2026-07-12 09:37:52,2026-07-12 09:37:52
20260709,UTF,202608,243,266,242.5,260.5,18.5,7.64%,69,260.5,112,260,263.5,277.5,228.5,,一般,,2026-07-12 09:37:52,2026-07-12 09:37:52
20260709,UTF,202609,-,-,-,-,-,-,0,260,3,248,-,298,107,,一般,,2026-07-12 09:37:52,2026-07-12 09:37:52
20260709,UTF,202612,-,-,-,-,-,-,0,262.5,8,251.5,-,258.5,106,,一般,,2026-07-12 09:37:52,2026-07-12 09:37:52
20260709,UTF,202703,-,-,-,-,-,-,0,255.5,0,248,-,-,-,,一般,,2026-07-12 09:37:52,2026-07-12 09:37:52
20260709,UUF,202607,58.5,58.6,58.1,58.5,-1.5,-2.50%,8,58.5,277,58.3,58.6,67.9,54.3,,一般,,2026-07-12 09:37:52,2026-07-12 09:37:52
20260709,UUF,202607/202608,0.46,0.46,0.46,0.46,-,-,1,-,-,0.07,0.38,0.46,0.46,,一般,0,2026-07-12 09:37:52,2026-07-12 09:37:52
20260709,UUF,202608,60,-,-,60,0,0.00%,1,58.5,1,58.5,59,-,-,,一般,,2026-07-12 09:37:52,2026-07-12 09:37:52
20260709,UUF,202609,-,-,-,-,-,-,0,58.4,0,-,-,-,-,,一般,,2026-07-12 09:37:52,2026-07-12 09:37:52
20260709,UUF,202612,-,-,-,-,-,-,0,58.2,0,-,-,-,-,,一般,,2026-07-12 09:37:52,2026-07-12 09:37:52
20260709,UUF,202703,-,-,-,-,-,-,0,58.2,0,-,-,-,-,,一般,,2026-07-12 09:37:52,2026-07-12 09:37:52
20260709,UVF,202607,7030,7030,7030,7030,455,6.92%,1,7145,38,7100,-,7260,5885,,一般,,2026-07-12 09:37:52,2026-07-12 09:37:52
20260709,UVF,202608,-,-,-,-,-,-,0,7170,15,7130,-,6560,6560,,一般,,2026-07-12 09:37:52,2026-07-12 09:37:52
20260709,UVF,202609,-,-,-,-,-,-,0,7165,0,-,-,-,-,,一般,,2026-07-12 09:37:52,2026-07-12 09:37:52
20260709,UVF,202612,-,-,-,-,-,-,0,7135,0,-,-,-,-,,一般,,2026-07-12 09:37:52,2026-07-12 09:37:52
20260709,UVF,202703,-,-,-,-,-,-,0,7135,0,-,-,-,-,,一般,,2026-07-12 09:37:52,2026-07-12 09:37:52
20260709,UWF,202607,7050,7155,6810,7145,570,8.67%,701,7145,1750,7140,7150,7600,5260,,一般,,2026-07-12 09:37:52,2026-07-12 09:37:52
20260709,UWF,202607/202608,39.99,50.83,39.99,47,-,-,41,-,-,41,46.92,60.1,34.99,,一般,64,2026-07-12 09:37:52,2026-07-12 09:37:52
20260709,UWF,202608,7075,7190,6930,7170,630,9.63%,108,7170,1144,7180,-,7425,6170,,一般,,2026-07-12 09:37:52,2026-07-12 09:37:52
20260709,UWF,202609,7165,7165,7165,7165,590,8.97%,1,7165,7,7165,-,7165,5160,,一般,,2026-07-12 09:37:52,2026-07-12 09:37:52
20260709,UWF,202612,-,-,-,-,-,-,0,7135,0,7135,-,-,-,,一般,,2026-07-12 09:37:52,2026-07-12 09:37:52
20260709,UWF,202703,-,-,-,-,-,-,0,7135,0,7135,-,-,-,,一般,,2026-07-12 09:37:52,2026-07-12 09:37:52
20260709,UXF,202607,53,53.3,51.5,52,-0.6,-1.14%,71,52,596,51.6,52.5,63.8,48,,一般,,2026-07-12 09:37:52,2026-07-12 09:37:52
20260709,UXF,202607/202608,-0.1,0,-0.1,0,-,-,17,-,-,-0.03,0,0,-0.3,,一般,8,2026-07-12 09:37:52,2026-07-12 09:37:52
20260709,UXF,202608,52.9,53,52,52,-0.1,-0.19%,28,52,351,51.5,52.5,59.6,50.8,,一般,,2026-07-12 09:37:52,2026-07-12 09:37:52
20260709,UXF,202609,-,-,-,-,-,-,0,51.7,0,51.3,-,61.7,59.5,,一般,,2026-07-12 09:37:52,2026-07-12 09:37:52
20260709,UXF,202612,-,-,-,-,-,-,0,51.6,0,-,-,-,-,,一般,,2026-07-12 09:37:52,2026-07-12 09:37:52
20260709,UXF,202703,-,-,-,-,-,-,0,51.9,0,-,-,-,-,,一般,,2026-07-12 09:37:52,2026-07-12 09:37:52
20260709,UYF,202607,303.5,306,297.5,298,-5,-1.65%,153,298,823,297.5,298,372.5,279,,一般,,2026-07-12 09:37:52,2026-07-12 09:37:52
20260709,UYF,202607/202608,-0.49,-0.49,-0.77,-0.75,-,-,54,-,-,-0.99,-0.76,1.01,-0.77,,一般,17,2026-07-12 09:37:52,2026-07-12 09:37:52
20260709,UYF,202608,302.5,305.5,297,297,-4.5,-1.49%,76,297,155,296.5,297,322,297,,一般,,2026-07-12 09:37:52,2026-07-12 09:37:52
20260709,UYF,202609,-,-,-,-,-,-,0,298.5,1,287.5,308,315,187,,一般,,2026-07-12 09:37:52,2026-07-12 09:37:52
20260709,UYF,202612,-,-,-,-,-,-,0,297.5,6,287.5,308,313,307.5,,一般,,2026-07-12 09:37:52,2026-07-12 09:37:52
20260709,UYF,202703,-,-,-,-,-,-,0,298.5,0,287.5,308,-,-,,一般,,2026-07-12 09:37:52,2026-07-12 09:37:52
20260709,UZF,202607,1220,1250,1206,1217,17,1.42%,2057,1218,4147,1217,1220,1470,1090,,一般,,2026-07-12 09:37:52,2026-07-12 09:37:52
20260709,UZF,202607/202608,8,8.53,7,7.01,-,-,49,-,-,6.2,8.5,8.53,7,,一般,53,2026-07-12 09:37:52,2026-07-12 09:37:52
20260709,UZF,202608,1241,1252,1218,1225,20,1.66%,112,1225,590,1223,1229,1440,1192,,一般,,2026-07-12 09:37:52,2026-07-12 09:37:52
20260709,UZF,202609,-,-,-,-,-,-,0,1223,45,1175,1263,1380,774,,一般,,2026-07-12 09:37:52,2026-07-12 09:37:52
20260709,UZF,202612,-,-,-,-,-,-,0,1218,16,1179,-,1340,920,,一般,,2026-07-12 09:37:52,2026-07-12 09:37:52
20260709,UZF,202703,-,-,-,-,-,-,0,1198,2,1175,-,1340,1340,,一般,,2026-07-12 09:37:52,2026-07-12 09:37:52
20260709,VAF,202607,34.2,34.5,34.15,34.3,0.2,0.59%,17,34.3,80,34.25,34.3,39.95,33.05,,一般,,2026-07-12 09:37:52,2026-07-12 09:37:52
20260709,VAF,202608,-,-,-,-,-,-,0,34.35,5,34.35,34.5,-,-,,一般,,2026-07-12 09:37:52,2026-07-12 09:37:52
20260709,VAF,202609,-,-,-,-,-,-,0,34.15,0,-,-,38,35.3,,一般,,2026-07-12 09:37:52,2026-07-12 09:37:52
20260709,VAF,202612,-,-,-,-,-,-,0,34.15,0,-,-,-,-,,一般,,2026-07-12 09:37:52,2026-07-12 09:37:52
20260709,VAF,202703,-,-,-,-,-,-,0,34.2,0,-,-,-,-,,一般,,2026-07-12 09:37:52,2026-07-12 09:37:52
20260709,VBF,202607,53.1,53.9,50.9,51.6,-1.2,-2.27%,295,51.6,2021,51.5,51.8,73.1,49.9,,一般,,2026-07-12 09:37:52,2026-07-12 09:37:52
20260709,VBF,202607/202608,0.08,0.08,-0.01,0.03,-,-,35,-,-,-0.03,-0.01,0.12,-0.21,,一般,16,2026-07-12 09:37:52,2026-07-12 09:37:52
20260709,VBF,202608,53,53,51,51.7,-0.7,-1.34%,56,51.7,594,51.4,51.8,62.3,50,,一般,,2026-07-12 09:37:52,2026-07-12 09:37:52
20260709,VBF,202609,-,-,-,-,-,-,0,52.4,6,-,54.6,74.3,44.45,,一般,,2026-07-12 09:37:52,2026-07-12 09:37:52
20260709,VBF,202612,-,-,-,-,-,-,0,52.2,2,49.65,-,58.3,54.3,,一般,,2026-07-12 09:37:52,2026-07-12 09:37:52
20260709,VBF,202703,-,-,-,-,-,-,0,51.9,4,49.65,-,70.6,55.5,,一般,,2026-07-12 09:37:52,2026-07-12 09:37:52
20260709,VCF,202607,146,146,143.5,143.5,0,0.00%,8,143.5,168,142,144,175.5,136.5,,一般,,2026-07-12 09:37:52,2026-07-12 09:37:52
20260709,VCF,202607/202608,0.9,1.29,0.9,1.29,-,-,5,-,-,0.05,0.89,1.29,0.06,,一般,0,2026-07-12 09:37:52,2026-07-12 09:37:52
20260709,VCF,202608,146,146,146,146,1,0.69%,6,144,20,142.5,145,154.5,141,,一般,,2026-07-12 09:37:52,2026-07-12 09:37:52
20260709,VCF,202609,-,-,-,-,-,-,0,144,1,137,149,147,143,,一般,,2026-07-12 09:37:52,2026-07-12 09:37:52
20260709,VCF,202612,-,-,-,-,-,-,0,143.5,0,137,-,153,144,,一般,,2026-07-12 09:37:52,2026-07-12 09:37:52
20260709,VCF,202703,-,-,-,-,-,-,0,143,0,137,-,-,-,,一般,,2026-07-12 09:37:52,2026-07-12 09:37:52
20260709,VDF,202607,1864,1872,1798,1821,-39,-2.10%,799,1821,1992,1811,1822,2690,1798,,一般,,2026-07-12 09:37:52,2026-07-12 09:37:52
20260709,VDF,202607/202608,14.55,15.84,14.28,14.42,-,-,138,-,-,14.01,18.37,15.84,9.99,,一般,41,2026-07-12 09:37:52,2026-07-12 09:37:52
20260709,VDF,202608,1855,1878,1819,1838,-40,-2.13%,187,1836,376,1830,1841,2355,1819,,一般,,2026-07-12 09:37:52,2026-07-12 09:37:52
20260709,VDF,202609,-,-,-,-,-,-,0,1827,4,1840,1887,2240,1884,,一般,,2026-07-12 09:37:52,2026-07-12 09:37:52
20260709,VDF,202612,-,-,-,-,-,-,0,1794,3,1735,-,2450,1830,,一般,,2026-07-12 09:37:52,2026-07-12 09:37:52
20260709,VDF,202703,-,-,-,-,-,-,0,1794,1,1735,-,2355,2355,,一般,,2026-07-12 09:37:52,2026-07-12 09:37:52
20260709,VEF,202607,1898,1910,1876,1876,-38,-1.99%,115,1871,159,1727,2038,2410,1840,,一般,,2026-07-12 09:37:52,2026-07-12 09:37:52
20260709,VEF,202607/202608,19,23,14.99,20.01,-,-,88,-,-,19.03,22,23,11.02,,一般,1,2026-07-12 09:37:52,2026-07-12 09:37:52
20260709,VEF,202608,1910,1910,1904,1904,-24,-1.24%,91,1893,204,1746,2060,2083,1904,,一般,,2026-07-12 09:37:52,2026-07-12 09:37:52
20260709,VEF,202609,-,-,-,-,-,-,0,1920,2,-,-,2030,2030,,一般,,2026-07-12 09:37:52,2026-07-12 09:37:52
20260709,VEF,202612,-,-,-,-,-,-,0,1909,0,-,-,1730,1375,,一般,,2026-07-12 09:37:52,2026-07-12 09:37:52
20260709,VEF,202703,-,-,-,-,-,-,0,1866,0,-,-,-,-,,一般,,2026-07-12 09:37:52,2026-07-12 09:37:52
20260709,VFF,202607,1916,1916,1871,1871,-43,-2.25%,1541,1871,3688,1871,1873,2475,1825,,一般,,2026-07-12 09:37:52,2026-07-12 09:37:52
20260709,VFF,202607/202608,17,20,17,20,-,-,129,-,-,20,20.71,20,9.99,,一般,112,2026-07-12 09:37:52,2026-07-12 09:37:52
20260709,VFF,202608,1916,1934,1890,1900,-28,-1.45%,265,1893,1323,1891,1894,2170,1851,,一般,,2026-07-12 09:37:52,2026-07-12 09:37:52
20260709,VFF,202609,-,-,-,-,-,-,0,1920,15,1900,1939,2485,1325,,一般,,2026-07-12 09:37:52,2026-07-12 09:37:52
20260709,VFF,202612,-,-,-,-,-,-,0,1909,8,1909,1961,2680,1985,,一般,,2026-07-12 09:37:52,2026-07-12 09:37:52
20260709,VFF,202703,-,-,-,-,-,-,0,1866,1,1871,-,2470,1980,,一般,,2026-07-12 09:37:52,2026-07-12 09:37:52
20260709,VGF,202607,1171,1171,1071,1080,-79,-6.82%,2797,1079,3764,1077,1080,1580,1071,,一般,,2026-07-12 09:37:52,2026-07-12 09:37:52
20260709,VGF,202607/202608,3.5,3.51,3.07,3.25,-,-,207,-,-,3.24,3.25,4,2.45,,一般,394,2026-07-12 09:37:52,2026-07-12 09:37:52
20260709,VGF,202608,1162,1162,1075,1084,-78,-6.71%,655,1084,986,1081,1084,1430,1075,,一般,,2026-07-12 09:37:52,2026-07-12 09:37:52
20260709,VGF,202608/202609,6,6,6,6,-,-,3,-,-,-14.01,-,6,5,,一般,0,2026-07-12 09:37:52,2026-07-12 09:37:52
20260709,VGF,202609,1140,1140,1100,1100,-75,-6.38%,8,1095,17,1088,1119,1535,729,,一般,,2026-07-12 09:37:52,2026-07-12 09:37:52
20260709,VGF,202612,1152,1152,1140,1140,-25,-2.15%,2,1085,15,-,-,1420,722,,一般,,2026-07-12 09:37:52,2026-07-12 09:37:52
20260709,VGF,202703,-,-,-,-,-,-,0,1097,6,1110,-,1345,1200,,一般,,2026-07-12 09:37:52,2026-07-12 09:37:52
20260709,VHF,202607,62.6,62.6,62.1,62.1,-0.1,-0.16%,2,62.1,364,62.05,-,66.8,57.25,,一般,,2026-07-12 09:37:52,2026-07-12 09:37:52
20260709,VHF,202608,-,-,-,-,-,-,0,62.1,6,62.05,-,66.7,62.7,,一般,,2026-07-12 09:37:52,2026-07-12 09:37:52
20260709,VHF,202609,-,-,-,-,-,-,0,61.6,14,-,-,65.6,42.72,,一般,,2026-07-12 09:37:52,2026-07-12 09:37:52
20260709,VHF,202612,-,-,-,-,-,-,0,62.5,3,62.5,-,65,43.7,,一般,,2026-07-12 09:37:52,2026-07-12 09:37:52
20260709,VHF,202703,-,-,-,-,-,-,0,62.2,0,-,-,65.15,62.2,,一般,,2026-07-12 09:37:52,2026-07-12 09:37:52
20260709,VIF,202607,565,565,541,547,-4,-0.73%,72,547,73,542,547,565,451,,一般,,2026-07-12 09:37:52,2026-07-12 09:37:52
20260709,VIF,202608,555,555,555,555,2,0.36%,2,547,16,542,551,555,510,,一般,,2026-07-12 09:37:52,2026-07-12 09:37:52
20260709,VIF,202609,-,-,-,-,-,-,0,548,2,522,567,501,485.5,,一般,,2026-07-12 09:37:52,2026-07-12 09:37:52
20260709,VIF,202612,-,-,-,-,-,-,0,547,0,-,-,-,-,,一般,,2026-07-12 09:37:52,2026-07-12 09:37:52
20260709,VIF,202703,-,-,-,-,-,-,0,547,0,-,-,-,-,,一般,,2026-07-12 09:37:52,2026-07-12 09:37:52
20260709,VJF,202607,451,472,434.5,458,23,5.29%,3549,453.5,1981,457.5,458,475,377,,一般,,2026-07-12 09:37:52,2026-07-12 09:37:52
20260709,VJF,202607/202608,3.51,3.52,3.51,3.52,-,-,5,-,-,-,3.01,3.52,3.41,,一般,88,2026-07-12 09:37:52,2026-07-12 09:37:52
20260709,VJF,202608,468.5,473,438,456,25,5.80%,192,456,215,455,459,473,388.5,,一般,,2026-07-12 09:37:52,2026-07-12 09:37:52
20260709,VJF,202609,-,-,-,-,-,-,0,452,0,442.5,-,-,-,,一般,,2026-07-12 09:37:52,2026-07-12 09:37:52
20260709,VJF,202612,-,-,-,-,-,-,0,452,0,442.5,-,-,-,,一般,,2026-07-12 09:37:52,2026-07-12 09:37:52
20260709,VJF,202703,-,-,-,-,-,-,0,452,0,442.5,-,-,-,,一般,,2026-07-12 09:37:52,2026-07-12 09:37:52
20260709,VKF,202607,872,911,862,866,0,0.00%,1153,866,2632,864,877,995,711,,一般,,2026-07-12 09:37:52,2026-07-12 09:37:52
20260709,VKF,202607/202608,5.01,5.26,4.05,5.26,-,-,27,-,-,4.01,12.99,6.01,3.99,,一般,113,2026-07-12 09:37:52,2026-07-12 09:37:52
20260709,VKF,202608,878,914,871,872,5,0.58%,146,875,319,871,890,995,800,,一般,,2026-07-12 09:37:52,2026-07-12 09:37:52
20260709,VKF,202609,-,-,-,-,-,-,0,871,1,834,907,930,800,,一般,,2026-07-12 09:37:52,2026-07-12 09:37:52
20260709,VKF,202612,-,-,-,-,-,-,0,868,0,834,-,-,-,,一般,,2026-07-12 09:37:52,2026-07-12 09:37:52
20260709,VKF,202703,-,-,-,-,-,-,0,872,0,865,-,-,-,,一般,,2026-07-12 09:37:52,2026-07-12 09:37:52
20260709,XAF,202609,0.6936,0.6936,0.6936,0.6936,0.0005,0.07%,1,0.6936,11,-,0.6952,0.7164,0.687,,一般,,2026-07-12 09:37:52,2026-07-12 09:37:52
20260709,XAF,202609,-,-,-,-,-,-,0,NULL,-,0.6893,-,0.7164,0.687,,盤後,,2026-07-12 09:37:52,2026-07-12 09:37:52
20260709,XAF,202612,-,-,-,-,-,-,0,0.6926,25,-,-,0.6996,0.6978,,一般,,2026-07-12 09:37:52,2026-07-12 09:37:52
20260709,XAF,202612,-,-,-,-,-,-,0,NULL,-,-,-,0.6996,0.6978,,盤後,,2026-07-12 09:37:52,2026-07-12 09:37:52
20260709,XAF,202703,-,-,-,-,-,-,0,0.6918,0,-,-,-,-,,一般,,2026-07-12 09:37:52,2026-07-12 09:37:52
20260709,XAF,202703,-,-,-,-,-,-,0,NULL,-,-,-,-,-,,盤後,,2026-07-12 09:37:52,2026-07-12 09:37:52
20260709,XAF,202706,-,-,-,-,-,-,0,0.6912,0,-,-,-,-,,一般,,2026-07-12 09:37:52,2026-07-12 09:37:52
20260709,XAF,202706,-,-,-,-,-,-,0,NULL,-,-,-,-,-,,盤後,,2026-07-12 09:37:52,2026-07-12 09:37:52
20260709,XBF,202609,-,-,-,-,-,-,0,1.341,26,1.341,-,1.3595,1.3183,,一般,,2026-07-12 09:37:52,2026-07-12 09:37:52
20260709,XBF,202609,-,-,-,-,-,-,0,NULL,-,-,-,1.3595,1.3183,,盤後,,2026-07-12 09:37:52,2026-07-12 09:37:52
20260709,XBF,202612,-,-,-,-,-,-,0,1.3411,0,-,-,1.3215,1.3209,,一般,,2026-07-12 09:37:52,2026-07-12 09:37:52
20260709,XBF,202612,-,-,-,-,-,-,0,NULL,-,-,-,1.3215,1.3209,,盤後,,2026-07-12 09:37:52,2026-07-12 09:37:52
20260709,XBF,202703,-,-,-,-,-,-,0,1.3414,0,-,-,-,-,,一般,,2026-07-12 09:37:52,2026-07-12 09:37:52
20260709,XBF,202703,-,-,-,-,-,-,0,NULL,-,-,-,-,-,,盤後,,2026-07-12 09:37:52,2026-07-12 09:37:52
20260709,XBF,202706,-,-,-,-,-,-,0,1.3417,0,-,-,-,-,,一般,,2026-07-12 09:37:52,2026-07-12 09:37:52
20260709,XBF,202706,-,-,-,-,-,-,0,NULL,-,-,-,-,-,,盤後,,2026-07-12 09:37:52,2026-07-12 09:37:52
20260709,XEF,202609,1.1457,1.1463,1.1457,1.1463,0.0003,0.03%,3,1.1463,78,-,-,1.1857,1.1381,,一般,,2026-07-12 09:37:52,2026-07-12 09:37:52
20260709,XEF,202609,1.14,1.1432,1.14,1.1432,-0.0028,-0.24%,3,NULL,-,-,-,1.1857,1.1381,,盤後,,2026-07-12 09:37:52,2026-07-12 09:37:52
20260709,XEF,202612,-,-,-,-,-,-,0,1.1508,15,-,-,1.1562,1.1448,,一般,,2026-07-12 09:37:52,2026-07-12 09:37:52
20260709,XEF,202612,-,-,-,-,-,-,0,NULL,-,-,-,1.1562,1.1448,,盤後,,2026-07-12 09:37:52,2026-07-12 09:37:52
20260709,XEF,202703,-,-,-,-,-,-,0,1.1554,0,-,-,-,-,,一般,,2026-07-12 09:37:52,2026-07-12 09:37:52
20260709,XEF,202703,-,-,-,-,-,-,0,NULL,-,-,-,-,-,,盤後,,2026-07-12 09:37:52,2026-07-12 09:37:52
20260709,XEF,202706,-,-,-,-,-,-,0,1.1601,0,-,-,-,-,,一般,,2026-07-12 09:37:52,2026-07-12 09:37:52
20260709,XEF,202706,-,-,-,-,-,-,0,NULL,-,-,-,-,-,,盤後,,2026-07-12 09:37:52,2026-07-12 09:37:52
20260709,XIF,202607,15800,15840,15617,15676,-36,-0.23%,168,15676,669,15600,15676,16409,13973,,一般,,2026-07-12 09:37:52,2026-07-12 09:37:52
20260709,XIF,202607/202608,-11,-10,-11,-10,-,-,2,-,-,-12,0,-10,-11,,一般,19,2026-07-12 09:37:52,2026-07-12 09:37:52
20260709,XIF,202608,16113,16113,15604,15676,19,0.12%,96,15676,429,15588,15676,16248,14949,,一般,,2026-07-12 09:37:52,2026-07-12 09:37:52
20260709,XIF,202609,-,-,-,-,-,-,0,15359,0,-,-,-,-,,一般,,2026-07-12 09:37:52,2026-07-12 09:37:52
20260709,XIF,202612,-,-,-,-,-,-,0,15423,0,-,-,-,-,,一般,,2026-07-12 09:37:52,2026-07-12 09:37:52
20260709,XIF,202703,-,-,-,-,-,-,0,15658,0,-,-,-,-,,一般,,2026-07-12 09:37:52,2026-07-12 09:37:52
20260709,XIF,202706,-,-,-,-,-,-,0,15703,0,-,-,-,-,,一般,,2026-07-12 09:37:52,2026-07-12 09:37:52
20260709,XJF,202609,161.58,161.63,161.41,161.41,0.13,0.08%,5,161.41,629,161.21,161.62,161.94,153.97,,一般,,2026-07-12 09:37:52,2026-07-12 09:37:52
20260709,XJF,202609,161.57,161.83,161.57,161.58,0.3,0.19%,29,NULL,-,161.19,161.98,161.94,153.97,,盤後,,2026-07-12 09:37:52,2026-07-12 09:37:52
20260709,XJF,202612,-,-,-,-,-,-,0,160.14,32,159.22,161.07,160.5,158.37,,一般,,2026-07-12 09:37:52,2026-07-12 09:37:52
20260709,XJF,202612,160.41,160.41,160.41,160.41,0.44,0.28%,4,NULL,-,159.2,161.43,160.5,158.37,,盤後,,2026-07-12 09:37:52,2026-07-12 09:37:52
20260709,XJF,202703,-,-,-,-,-,-,0,158.93,0,-,-,-,-,,一般,,2026-07-12 09:37:52,2026-07-12 09:37:52
20260709,XJF,202703,-,-,-,-,-,-,0,NULL,-,-,-,-,-,,盤後,,2026-07-12 09:37:52,2026-07-12 09:37:52
20260709,XJF,202706,-,-,-,-,-,-,0,157.78,0,-,-,-,-,,一般,,2026-07-12 09:37:52,2026-07-12 09:37:52
20260709,XJF,202706,-,-,-,-,-,-,0,NULL,-,-,-,-,-,,盤後,,2026-07-12 09:37:52,2026-07-12 09:37:52
20260709,ZEF,202607,2938.55,2964.65,2910.85,2932,7,0.24%,598,2928.9,555,2924.25,2936.75,3205,2620,,一般,,2026-07-12 09:37:52,2026-07-12 09:37:52
20260709,ZEF,202607,2920.15,2937,2840,2916.3,-8.7,-0.30%,682,NULL,-,2915.75,2938,3205,2620,,盤後,,2026-07-12 09:37:52,2026-07-12 09:37:52
20260709,ZEF,202607/202608,20.7,24.45,20.45,24.45,-,-,10,-,-,22.9,26.5,24.45,10.05,,一般,12,2026-07-12 09:37:52,2026-07-12 09:37:52
20260709,ZEF,202608,2965.95,2982.4,2944,2946.9,0.35,0.01%,24,2950.45,46,2947.15,2963.25,3166.55,2888,,一般,,2026-07-12 09:37:52,2026-07-12 09:37:52
20260709,ZEF,202608,2963.3,2963.3,2888.5,2955.5,8.95,0.30%,13,NULL,-,2933.8,2960.85,3166.55,2888,,盤後,,2026-07-12 09:37:52,2026-07-12 09:37:52
20260709,ZEF,202609,-,-,-,-,-,-,0,2780.9,0,-,-,-,-,,一般,,2026-07-12 09:37:52,2026-07-12 09:37:52
20260709,ZEF,202609,-,-,-,-,-,-,0,NULL,-,-,-,-,-,,盤後,,2026-07-12 09:37:52,2026-07-12 09:37:52
20260709,ZEF,202612,-,-,-,-,-,-,0,2786.8,0,-,-,-,-,,一般,,2026-07-12 09:37:52,2026-07-12 09:37:52
20260709,ZEF,202612,-,-,-,-,-,-,0,NULL,-,-,-,-,-,,盤後,,2026-07-12 09:37:52,2026-07-12 09:37:52
20260709,ZEF,202703,-,-,-,-,-,-,0,2822.65,0,-,-,-,-,,一般,,2026-07-12 09:37:52,2026-07-12 09:37:52
20260709,ZEF,202703,-,-,-,-,-,-,0,NULL,-,-,-,-,-,,盤後,,2026-07-12 09:37:52,2026-07-12 09:37:52
20260709,ZEF,202706,-,-,-,-,-,-,0,3072.2,0,-,-,-,-,,一般,,2026-07-12 09:37:52,2026-07-12 09:37:52
20260709,ZEF,202706,-,-,-,-,-,-,0,NULL,-,-,-,-,-,,盤後,,2026-07-12 09:37:52,2026-07-12 09:37:52
20260709,ZFF,202607,3164.2,3185,3110.2,3128.8,-29.4,-0.93%,352,3138.2,239,3130.2,3142,3260.4,2533.6,,一般,,2026-07-12 09:37:52,2026-07-12 09:37:52
20260709,ZFF,202607,3158.2,3174.8,3133,3161.2,3,0.09%,70,NULL,-,3148.2,3178,3260.4,2533.6,,盤後,,2026-07-12 09:37:52,2026-07-12 09:37:52
20260709,ZFF,202607/202608,-15.2,-15,-15.2,-15,-,-,4,-,-,-15.6,-14.4,-5.6,-18.8,,一般,26,2026-07-12 09:37:52,2026-07-12 09:37:52
20260709,ZFF,202608,3144.4,3161,3094,3118.2,-23.8,-0.76%,37,3120.6,46,3114.8,3127.6,3239,3038,,一般,,2026-07-12 09:37:52,2026-07-12 09:37:52
20260709,ZFF,202608,3155,3155,3155,3155,13,0.41%,1,NULL,-,3130.4,3164.4,3239,3038,,盤後,,2026-07-12 09:37:52,2026-07-12 09:37:52
20260709,ZFF,202609,-,-,-,-,-,-,0,3011.8,0,-,-,-,-,,一般,,2026-07-12 09:37:52,2026-07-12 09:37:52
20260709,ZFF,202609,-,-,-,-,-,-,0,NULL,-,-,-,-,-,,盤後,,2026-07-12 09:37:52,2026-07-12 09:37:52
20260709,ZFF,202612,-,-,-,-,-,-,0,3014.6,0,-,-,-,-,,一般,,2026-07-12 09:37:52,2026-07-12 09:37:52
20260709,ZFF,202612,-,-,-,-,-,-,0,NULL,-,-,-,-,-,,盤後,,2026-07-12 09:37:52,2026-07-12 09:37:52
20260709,ZFF,202703,-,-,-,-,-,-,0,3112.8,0,-,-,-,-,,一般,,2026-07-12 09:37:52,2026-07-12 09:37:52
20260709,ZFF,202703,-,-,-,-,-,-,0,NULL,-,-,-,-,-,,盤後,,2026-07-12 09:37:52,2026-07-12 09:37:52
20260709,ZFF,202706,-,-,-,-,-,-,0,3137.8,0,-,-,-,-,,一般,,2026-07-12 09:37:52,2026-07-12 09:37:52
20260709,ZFF,202706,-,-,-,-,-,-,0,NULL,-,-,-,-,-,,盤後,,2026-07-12 09:37:52,2026-07-12 09:37:52
